J,2,3,4,5,6,7,8,9,10,11,12,popup,lat,lon
27.9,28.1,27.8,27.1,26.3,25.6,24.8,24.3,24.7,25.4,27,27.6,ヌクノノ島 - トケラウ諸島 ,-9.25,-171.97
26.4,26.7,26.7,25.7,24.3,23.2,22.5,22.4,22.9,23.6,24.8,25.6,ラロトンガ島 - クック諸島 ,-21.25,-159.87
-8.3,-5.7,-5.3,1.5,7.1,11.3,13.6,13,9.3,2.8,-3.4,-6.3,イリアムナ／イリアムナ空港 - アメリカ合衆国（アラスカ） ,59.8,-154.97
-3.1,-1.6,-0.4,3.9,8.1,11.4,13.5,13.4,9.7,4.6,-0.2,-2,スアード〔アラスカ州〕 - アメリカ合衆国（アラスカ） ,60.17,-149.5
-9,-6,-3.5,3.6,9.5,13.4,15.1,13.5,9.2,2.4,-5.3,-7.5,パーマー - アメリカ合衆国（アラスカ） ,61.65,-149.13
-3,-1.6,-0.7,3.4,7.5,10.8,12.6,12.2,9.1,4.7,-0.2,-1.7,コルドバ - アメリカ合衆国（アラスカ） ,60.55,-145.55
-1.8,-1.2,0.1,4,8.3,11.4,13.2,12.9,9.5,5.1,0.5,-1.1,グステーブス〔アラスカ州〕 - アメリカ合衆国（アラスカ） ,58.47,-135.78
2.5,2.7,2.9,6,9,11.7,13.7,14.1,11.8,8,4.6,3.1,シトカ - アメリカ合衆国（アラスカ） ,57.12,-135.4
-1.9,-1,0.5,5,9.5,12.7,14,13.4,10.1,5.7,1.1,-0.9,ジュノー - アメリカ合衆国（アラスカ） ,58.42,-134.63
-0.4,0,1.9,5.5,9.6,12.4,13.7,13.5,10.8,6.4,2.4,0,ピーターズバーグ - アメリカ合衆国（アラスカ） ,56.87,-133.02
-0.3,1,2.9,6.3,10,12.9,14.2,14.1,11.4,7.4,3.3,1,ランゲル〔アラスカ州〕 - アメリカ合衆国（アラスカ） ,56.53,-132.42
1.9,2.3,3.2,6.2,9.9,12.8,14.7,14.9,11.9,7.8,4.2,2.4,ケチカン国際空港 - アメリカ合衆国（アラスカ） ,55.4,-131.75
5.9,5.6,6,7.6,9.6,11.3,13.4,14.4,13.5,10.8,7.6,6,セントジェームズ岬〔ブリティッシュコロンビア州〕 - カナダ ,51.99,-131.07
2.3,3.6,4.2,6.7,9.5,12.1,13.7,14.2,12.1,8.5,5,3.1,プリンスルーパート〔ブリティッシュコロンビア州〕 - カナダ ,54.34,-130.5
-9.5,-7.2,-2.7,2.9,8,11.5,13.5,12.7,8.7,2.8,-3.7,-9.2,バーンズレーク〔ブリティッシュコロンビア〕 - カナダ ,54.43,-126.01
2.3,3.2,5.3,8.3,12.4,15.3,18.5,18.5,15.1,9.7,4.9,1.9,ポートアルバーニ〔ブリティッシュコロンビア州〕 - カナダ ,49.37,-124.98
3.9,4.2,6,8.9,12.9,15.7,18.4,18.2,14.8,9.6,5.9,3.8,コーマックス〔ブリティッシュコロンビア〕 - カナダ ,49.77,-124.95
-5.9,-4.7,-0.3,4.8,11.2,15.2,17.7,17.4,13.5,7.7,2.8,-1.8,サンタガトデモン〔ケベック州〕 - カナダ ,49.88,-124.53
3.9,4.4,6.3,8.9,13.6,15.8,18.9,19,15.7,10.6,6.3,3.5,ケントビル〔ノバスコシア〕 - カナダ ,49.57,-123.53
4.5,5.2,6.7,9,12.1,15,17,16.9,14.4,10,6.5,4.4,ビクトリア国際空港〔ブリティッシュコロンビア〕 - カナダ ,48.7,-123.48
5.8,5.9,7.5,9.7,12.9,15.4,17.7,17.6,15,10.8,7.5,5.5,ビクトリア大学〔ブリティッシュコロンビア〕 - カナダ ,48.51,-123.36
4.2,5,6.8,9.4,13.2,15.7,18.3,18.6,15.9,10.6,6.3,3.9,ウェストバンクーバー〔ブリティッシュコロンビア〕 - カナダ ,49.4,-123.24
1.7,3.7,5.8,9.1,13.1,15.7,18.4,18.3,15,9.6,4.6,1.3,スカミッシュ〔ブリティッシュコロンビア〕 - カナダ ,49.83,-123.21
5.3,5.9,7.6,10.4,14,16.5,18.9,18.9,15.8,11.2,7.5,5.2,バンクーバーハーバー - カナダ ,49.34,-123.17
4.8,5.8,7.5,9.9,13.2,15.6,18.9,18.8,16.2,11.2,7,4.1,フォートルイス軍用地〔ワシントン〕 - アメリカ合衆国 ,47.17,-122.6
4.8,5.7,7.7,9.7,13.1,15.6,18.6,18.7,16,11,6.9,4.4,タコマ〔ワシントン〕 - アメリカ合衆国 ,47.2,-122.53
10.1,11.6,12.9,14.2,15.6,17.2,17.8,18.2,18.4,16.7,12.8,10.2,オークランド〔カリフォルニア〕 - アメリカ合衆国 ,37.79,-122.27
10.5,11.8,13.5,14.9,16.9,19.1,20,20.2,19.9,17.7,13.5,10.4,マウンテンビュー（サニーベール）／〔カリフォルニア州〕 - アメリカ合衆国 ,37.47,-122.1
-1.6,1,5.6,10.3,15.7,19.4,23,22.4,17.2,9.7,3.3,-1.3,リルエット〔ブリティッシュコロンビア〕 - カナダ ,50.73,-121.98
-1.4,2.2,5.8,10.4,14.9,18.3,22.3,22,17.5,10.1,3.5,-0.9,リットン〔ブリティッシュコロンビア州〕 - カナダ ,50.27,-121.63
-6.9,-3.7,-0.2,4.3,8.9,12.3,16,15.5,11.1,4.2,-2.6,-6.6,クリントン〔ブリティッシュコロンビア〕 - カナダ ,51.2,-121.55
6,8.6,11.5,14.6,19.2,23.1,26,25.1,22.2,16.4,10.6,5.7,マーセッド〔カリフォルニア〕 - アメリカ合衆国 ,37.42,-120.62
-5.4,-3,2.2,6.8,11.6,14.8,18.6,18.2,13.7,6.6,-0.4,-5.4,プリンストン〔ブリティッシュコロンビア〕 - カナダ ,49.52,-120.56
-1.4,0.5,4.8,9.2,14.3,17.6,21.7,21.2,16,9,2.9,-1,サマーランド〔ブリティッシュコロンビア〕 - カナダ ,49.61,-119.69
-1,1.3,6.1,10.6,15.8,19.2,23.2,22.4,17.2,10.1,3.5,-0.7,オスーヨス〔ブリティッシュコロンビア〕 - カナダ ,49.08,-119.49
-2.4,-0.8,3.9,8.9,14,17.3,20.5,19.6,14.4,7.7,2.2,-2.2,サーモンアーム〔ブリティッシュコロンビア〕 - カナダ ,50.75,-119.34
-7.9,-7.6,-4.9,2.9,8.9,13.1,15.2,14,9.5,3,-4.6,-9.1,スピリットリバー〔アルバータ〕 - カナダ ,55.74,-119.28
-3.1,-1.5,4.2,8.6,14.4,17.3,21.1,20.6,15.3,8,1.9,-3.1,バーノン〔ブリティッシュコロンビア〕 - カナダ ,50.27,-119.24
7.9,9.3,12.1,15.1,19.6,24.5,28.3,27.7,24.1,17.8,11.5,7.2,パームデール〔カリフォルニア〕 - アメリカ合衆国 ,34.68,-118.13
-8.8,-6.3,-2.1,3.5,8.5,12.5,15.4,14.5,10.2,3.8,-3.3,-8.9,ジャスパー WARDEN〔アルバータ〕 - カナダ ,52.98,-118.08
-1.6,-0.2,3.6,7.9,13.1,16.8,20,19.2,14.1,7.5,2.3,-1.5,ナクスプ〔ブリティッシュコロンビア〕 - カナダ ,50.32,-117.86
7.5,10.3,14,17.6,22.2,27.3,31,30,25.6,18.5,12.1,6.8,チャイナレーク〔カリフォルニア〕 - アメリカ合衆国 ,35.73,-117.73
-0.8,0.6,4.4,8.6,13.2,16.4,20.5,20.4,15.3,8.4,2.9,-1,ネルソン〔ブリティッシュコロンビア〕 - カナダ ,49.54,-117.36
12,12.4,14,16.1,19.2,22,25.3,26.1,24.1,19.6,15.1,11.6,リバーサイド／MARCH　 - アメリカ合衆国 ,33.95,-117.3
-9.7,-9,-4.1,3.8,10.2,14.2,16.7,15.3,10.6,3.9,-5.2,-10.2,バリービュー〔アルバータ〕 - カナダ ,55.15,-117.25
-1.4,0,4.1,8.6,13.5,16.7,21.3,20.9,15.4,8.1,2.2,-1.8,クレストン CAMPBELL　〔ブリティッシュコロンビア〕 - カナダ ,49.13,-116.55
13.5,15.4,19.1,22.1,25.7,30.5,34,33.9,30.5,24.1,18.3,12.8,エルセントロ〔カリフォルニア〕 - アメリカ合衆国 ,32.87,-115.73
15,16.9,19.6,22.8,27.2,31.5,34.8,35.1,32,25.8,18.8,14.3,ユマ国際空港〔アリゾナ州〕 - アメリカ合衆国 ,32.7,-114.65
-8.2,-9.1,-3.5,3.7,11.2,14.8,17.3,16.1,11.5,4.7,-3.3,-9.7,プリムローズ湖〔アルバータ〕 - カナダ ,53.6,-114.16
-7.6,-8.3,-3.7,3.5,9.2,13.3,16.1,15,10.5,4.4,-3,-8.1,オールズ〔アルバータ〕 - カナダ ,51.81,-114.13
6.8,8.1,11.6,14.9,20.4,26,29.1,28.4,24.2,17.4,11,6,キングマン／モハーベ〔アリゾナ〕 - アメリカ合衆国 ,35.32,-113.98
-3.9,-4.2,-0.9,4,9,12.8,16.5,15.9,11.6,5.6,0.1,-4,ウォータートンパーク〔アルバータ〕 - カナダ ,49.18,-113.86
-6.4,-5.7,-1.4,4.3,10,14,17.4,16.8,11.8,5.5,-1.2,-5.9,クラルズホーム〔アルバータ〕 - カナダ ,50.05,-113.69
-4.5,-4.1,-0.4,4.7,9.9,13.9,17.9,17.4,12.5,5.8,0.1,-4.5,カードストン - カナダ ,49.25,-113.34
-5.5,-4.1,0.3,6.1,11.5,15.6,18.7,18.3,13.6,7,0,-4.9,レスブリッジ〔アルバータ〕 - カナダ ,49.74,-112.82
-3.9,-4.9,0.4,5.5,11,14.9,18.1,17.2,12.8,6.2,0.2,-4.8,レスブリッジ DEMO FARM〔アルバータ〕 - カナダ ,49.73,-112.8
-8.9,-9.7,-4,3.6,10.5,14.4,17.1,15.9,11.2,4.2,-4,-9.6,ステットラー〔アルバータ〕 - カナダ ,52.4,-112.65
-9.6,-6.9,-1.9,5.3,11.3,15.6,19,18,12.8,5.5,-2.4,-8.7,ブルックス〔アルバータ〕 - カナダ ,50.61,-111.9
3.2,5.9,10.9,14.9,20.3,26.6,29.5,27.7,23.4,15.7,8.4,2.8,ページ〔アリゾナ〕 - アメリカ合衆国 ,36.98,-111.5
-3.4,-0.2,5.1,8.9,14.2,20.5,24.4,22.5,17.6,10.2,3,-3.2,プライス／カーボン〔ユタ〕 - アメリカ合衆国 ,39.67,-110.8
-9.6,-11.2,-3.3,4.6,11.3,15.7,18.9,18.2,13.1,4.8,-3.7,-10.2,バージニア滝〔ノースウェスト準州〕 - カナダ ,51.12,-110.37
-7.9,-7.6,-3.4,3.1,8.8,13,17,16.8,11.4,4.1,-2.5,-7.4,サイプレスヒルズ - カナダ ,49.69,-109.56
-8.3,-7.1,-1.2,5.4,10.7,15.2,19.2,18.3,12.9,5.6,-1.6,-7.3,メープルクリーク〔サスカチュワン〕 - カナダ ,49.95,-109.52
-8.6,-5.7,0.8,5.8,10.6,15.9,20.1,18.8,13.7,6.5,-0.1,-7.7,クレーグ〔コロラド〕 - アメリカ合衆国 ,40.55,-107.58
6,8.6,12.4,16.4,21.2,26.2,27.1,25.9,22.6,17,10.2,5.5,トゥルースオアコンセクエンシズ〔ニューメキシコ〕 - アメリカ合衆国 ,33.28,-107.32
-6.7,-4.3,1.8,7.8,13.4,19,23.8,22.8,16.6,8.3,0.6,-5.1,マイルズシティ〔モンタナ州〕 - アメリカ合衆国 ,46.48,-105.92
-1.8,-1.2,4,7.7,13.3,19.4,23.3,22.1,17.2,9.3,2.6,-2.2,シドニー〔ネブラスカ〕 - アメリカ合衆国 ,41.15,-103.03
9,11.2,15.4,19.8,23.9,27.4,28.7,28.8,25,19.6,13.7,9.1,ジャンクション／キンブル〔〕 - アメリカ合衆国 ,30.55,-99.82
-5.8,-4,1.6,8.5,14.4,20.2,24.6,23.1,17.9,9.5,2.7,-4.7,チェンバレン〔サウスダコタ〕 - アメリカ合衆国 ,43.85,-99.37
5.8,8.5,13,17.5,22.8,27.2,29.4,28.8,24.3,18.3,11.6,6.2,アルタス〔オクラホマ〕 - アメリカ合衆国 ,34.7,-99.32
1.4,3,8.7,14,19.7,25.4,27.9,26.8,22.2,14.8,8.1,1.9,メディシンロッジ〔カンザス州〕 - アメリカ合衆国 ,37.35,-98.63
7,9.1,13.2,17.7,22.3,26.4,28.4,28.3,24.3,18.5,12.2,8,スティーブンビル〔テキサス州〕 - アメリカ合衆国 ,32.27,-98.23
8.2,10.2,14.4,18.6,23.2,27.6,29.7,29.8,25.7,19.7,13.6,8.7,フォートワース〔テキサス州〕 - アメリカ合衆国 ,32.88,-97.35
18.1,19.9,21.5,23.3,23.2,22,21.3,21.3,21,20.4,19,18.7,オアハカデフアレス〔オアハカ州〕 - メキシコ ,17.12,-96.75
-4.8,-0.3,3.7,10.7,16.4,21.7,24.2,23.4,18.7,12,3.6,-2,オマハ〔ネブラスカ州〕 - アメリカ合衆国 ,41.42,-96.07
23.6,25,26.6,28.8,29.9,29,28.8,28.9,28.1,27,25.4,23.9,ビジャエルモサ〔タバスコ州〕 - メキシコ ,18.03,-92.98
0.1,2.7,7.7,13.1,17.7,23.2,25.8,25.1,20.3,13.4,7.4,2.6,ウェストプレーンズ〔ミズーリ州〕 - アメリカ合衆国 ,36.78,-91.9
27.7,28.1,29,29.7,29.3,28.7,28.8,28.7,28.2,28.1,28.3,27.9,アカフトラ - エルサルバドル ,13.63,-89.88
10.9,12.9,16.3,19.5,23.6,26.9,27.8,27.9,25.8,20.6,15.2,12.1,スライデル〔ルイジアナ〕 - アメリカ合衆国 ,30.39,-89.87
23.2,24.1,25.3,26.8,28,28.1,28.1,28.2,28,27.3,25.5,24,プログレソ〔ユカタン州〕 - メキシコ ,21.32,-89.7
26.2,26.7,27.2,27,26.1,25.2,23.4,22.8,22.9,22.8,23.7,25,サンクリストバル島 - エクアドル ,-0.95,-89.65
24.6,25.3,26.1,26.6,26,25.3,25.7,25.4,24.8,24.6,24.5,24.5,サンサルバドル/イロパンゴ - エルサルバドル ,13.75,-89.17
-8.6,-8.2,-3.6,3.1,10.3,15.6,18.6,18.1,13.7,6.9,0.2,-5.4,ホートン〔ミシガン州〕 - アメリカ合衆国 ,47.22,-88.55
24.3,25.2,26.6,28.5,28.9,29,28.1,28.1,28.3,27.3,25.3,24.6,サンペドロスラ - ホンジュラス ,15.5,-87.98
3.8,6,10.6,15.9,20.3,24.7,26.4,25.8,21.9,15.9,10,5.1,フォートキャンベル軍用地〔テネシー〕 - アメリカ合衆国 ,36.72,-87.55
6.6,8.4,12.4,16.4,20.9,24.8,26.6,26.2,23.2,16.9,11.3,7.5,センタービル〔アラバマ州〕 - アメリカ合衆国 ,32.95,-87.3
20,20.9,22.4,23.9,23.7,23.1,22.8,22.9,22.7,22,20.8,20.3,テグシガルパ - ホンジュラス ,14.1,-87.27
23.7,24.3,25.1,26.7,27.5,28,27.9,27.8,27.9,26.7,25,24.4,ラセイバ - ホンジュラス ,15.78,-86.92
7.5,9.6,13.6,17.4,21.9,25.5,27.1,26.9,24.1,18.2,12.3,8.7,バーミンガム（国際空港）〔アラバマ〕 - アメリカ合衆国 ,33.23,-86.83
28.7,29.5,30.5,30.8,29.5,28.2,28.5,28.5,27.3,27.1,27.7,28.4,リベリア - コスタリカ ,10.65,-85.58
28,28.7,29.9,31.2,30.5,28.8,28.7,29,28.8,28.3,28.5,28.3,フィガルパ - ニカラグア ,12.15,-85.42
5.8,7.9,12,16.6,21.1,25.1,26.8,26.6,23.4,17.1,10.9,7.3,ローム〔ジョージア州〕 - アメリカ合衆国 ,34.4,-85.22
-7.5,-6.8,-1.8,5.1,12.2,17.3,19.8,18.9,15.1,7.9,1.8,-4.3,ゲイロード〔ミシガン〕 - アメリカ合衆国 ,44.96,-84.77
10.3,12.3,15.8,19.5,24,27.3,28.3,28,25.9,20.6,15,11.8,オールバニー〔ジョージア〕 - アメリカ合衆国 ,31.58,-84.23
-1.2,0.7,5.8,12.3,17.5,22.2,24.2,23.3,19.1,12.8,6.9,1.3,デートン／ライトパターソン空軍基地〔イリノイ〕 - アメリカ合衆国 ,39.88,-84.1
-1.6,0,5.3,11.8,17.3,21.7,23.2,22.3,19,12.6,6.4,1.1,ウィルミントン〔オハイオ〕 - アメリカ合衆国 ,39.47,-83.87
26.3,26.8,27.8,28.8,28.9,28.5,28.6,29,28.9,27.9,27.2,26.9,プエルトレンピラ - ホンジュラス ,15.27,-83.85
12.2,14.3,16.7,20.2,24.1,27,27.7,27.8,26.3,22.1,16.8,14,クロスシティ〔フロリダ〕 - アメリカ合衆国 ,29.67,-83.15
-3.7,-2.4,2.4,8.9,15.3,20.9,23,22.1,18,11.6,5.1,-0.7,ウィンザー〔オンタリオ州〕 - カナダ ,42.33,-83.01
-4,-3.3,1,6.8,12.9,19.1,21.9,21.3,18,11.5,5.5,0,ピーリー岬〔オンタリオ〕 - カナダ ,42,-82.57
11.7,12.8,16.3,20.1,23.8,27.4,28.1,28,25.4,20.4,15.6,12.7,ウェークロス〔ジョージア州〕 - アメリカ合衆国 ,31.3,-82.45
26.1,26.1,26.4,27.5,28.3,29.1,29.6,29.7,29.3,28.4,27.4,26.6,オーエンロバーツ国際空港 - ケイマン諸島 ,19.34,-81.41
26.7,28,27.9,27.1,25.4,23.8,22.3,21.4,21.9,22.3,23.4,24.8,タララ - ペルー ,-4.62,-81.3
-6.2,-6.1,-1.6,5.2,11.3,16.4,18.7,18.3,14.6,9,3.2,-2.5,ワイアートン〔オンタリオ州〕 - カナダ ,44.8,-81.16
-7.4,-7,-2.1,5,11.9,17.2,19.2,18.4,14.8,8.4,2,-3.8,マウントフォレスト〔オンタリオ〕 - カナダ ,44.03,-80.8
26.3,26.4,26.6,26.8,26.5,25.8,25.3,24.9,25.1,24.8,25.3,25.9,ポルトビエホ - エクアドル ,-1.09,-80.51
-5,-4.6,-0.4,5.8,12.2,17.5,20.8,20.3,16.7,10.3,4.3,-1.6,コリングウッド〔オンタリオ〕 - カナダ ,44.55,-80.27
-2.6,-2.6,0.8,6.5,12.6,18.3,21.7,21.8,18.5,12.4,6.5,0.7,ロング岬〔オンタリオ〕 - カナダ ,42.62,-80.1
-8.6,-8.3,-2.4,4.9,12.1,17.3,20.4,19.6,15.7,9,2.6,-3.9,パリーサウンド〔オンタリオ〕 - カナダ ,45.39,-80.09
-7.6,-7.4,-1.4,5.5,12,17.2,20.2,19.1,15.2,8.7,2.5,-3.7,ボーデン〔オンタリオ〕 - カナダ ,44.32,-79.96
-3.2,-2.7,1.4,6.8,12.8,18.8,21.9,21.6,18.1,11.5,5.6,0.2,バーリントン〔オンタリオ〕 - カナダ ,43.35,-79.85
-3.6,-3.4,0,5.8,12.2,17.7,21,21,17.7,11.7,5.5,0.2,ポートコルボーン〔オンタリオ〕 - カナダ ,42.92,-79.3
9.1,9.7,12.9,17.5,21.6,25.4,27.3,26.5,24.2,18.7,13.3,9.1,マートルビーチ〔サウスカロライナ〕 - アメリカ合衆国 ,33.73,-78.98
-5.1,-4.4,-0.2,5.8,11.4,16.4,19.7,19.6,16.3,9.6,3.7,-1.5,コーバーグ〔オンタリオ〕 - カナダ ,44,-78.22
-2.8,-0.9,2.6,9,15.3,20.1,22.5,21.5,17.7,11.4,5.3,0.3,ダンズビル〔ニューヨーク州〕 - アメリカ合衆国 ,42.62,-77.77
-6.7,-5.5,-0.5,6.3,13.1,18.3,20.9,20,15.8,9.2,3,-2.7,トレントン〔オンタリオ〕 - カナダ ,44.17,-77.58
-4.6,-4.1,-0.3,5.1,10.7,15.9,20.3,20.4,16.7,10.5,4.7,-0.9,ピーター岬〔オンタリオ〕 - カナダ ,43.88,-77.2
28.9,28.4,28.1,28.4,28.4,27.9,27.9,29,29.2,29.2,29.6,29.1,フアンフイ - ペルー ,-7.22,-76.77
2.7,3.8,7.6,13.6,18.8,23.6,26.1,25.1,21.8,15.6,9.6,5.4,パタクセント川〔メリーランド州〕 - アメリカ合衆国 ,38.33,-76.45
27.5,27.4,27.4,27.8,28,27.8,28,29,29.1,28.6,28.5,27.9,ユリマグアス - ペルー ,-5.93,-76.17
25,25.1,25.5,26.4,27.3,28.3,28.9,28.9,28.4,27.7,26.8,25.7,グアンタナモ - キューバ ,19.95,-75.18
18.3,18.2,18.4,18.6,18,17.3,16.9,17.8,18.8,19.6,20.5,19.2,アヤクーチョ - ペルー ,-13.2,-74.25
-9.1,-7.3,-1.6,6.6,14.3,19.3,21.9,20.9,16.5,9.5,2.6,-4.4,モントリオール - カナダ ,45.52,-73.79
29,29.9,29.9,29.9,29.2,29.5,30.2,29.2,28.4,27.8,27.9,28.6,バジェドゥパル - コロンビア ,10.48,-73.3
-8.7,-8.5,-2.7,5.6,13.2,18.3,21.3,20.3,16.5,9.5,2.8,-4.1,サンピエール湖〔ケベック〕 - カナダ ,46.23,-72.97
-9.3,-7.7,-2.6,5.1,12.5,17.4,20,19,14.8,8.1,1.4,-5,ニューポート〔バーモント州〕 - アメリカ合衆国 ,44.98,-72.25
18.3,17.4,14.2,9.6,7.2,4.4,3.9,5.8,8,11.6,14.2,17.2,エルボルソン - アルゼンチン ,-42.02,-71.57
24.1,24.1,24.5,25.4,26.8,27.9,28.1,28.2,28.1,27.5,26.2,25,プエルトプラタ - ドミニカ共和国 ,19.8,-70.6
-5.7,-4,0.4,6.8,12.7,17.8,21.1,20.6,16.5,9.9,3.5,-2.3,グレー〔メーン〕 - アメリカ合衆国 ,43.94,-70.3
-0.1,0.4,2.9,7.5,12.1,17.1,20.8,20.8,17.9,12.8,7.8,3.3,チャタム〔マサチューセッツ〕 - アメリカ合衆国 ,41.71,-70.01
-6.3,-4.9,0.2,6.4,12.2,17.8,20.7,20.3,15.7,9.3,3.6,-1.8,ブランズウィック〔メーン州〕 - アメリカ合衆国 ,43.93,-69.98
25.3,25.5,26,26.6,27.3,27.8,27.8,28,28,27.8,27,26,サントドミンゴ - ドミニカ共和国 ,18.48,-69.93
27.7,27.3,27.9,27.7,26.2,25.9,26.1,27.7,28.7,28.7,28.6,27.8,プエルトマルドナド - ペルー ,-12.65,-69.27
24.1,22.5,20.5,15.7,11.9,9,8.2,10.8,13.6,17.6,20.7,23.9,メンドーサ - アルゼンチン ,-32.93,-68.9
18.6,18.2,14.4,9.8,5.7,3.3,2.5,4.2,6.5,10.3,13.7,17.3,マキンチャオ - アルゼンチン ,-41.3,-68.78
25.6,23.7,21.4,16.7,12.5,9,8,10.9,14.2,18.3,22,24.7,サンマルティン - アルゼンチン ,-33.13,-68.47
11.6,11.1,9,6.2,3.3,0.4,0.3,2.1,4.1,6.8,9,10.5,リオグランデ - アルゼンチン ,-53.85,-67.8
-4.9,-4.3,-0.7,4.6,9.4,14,17.6,17.5,13.8,8.7,3.9,-1.3,グランドマナン島〔ニューブランズウィック〕 - カナダ ,44.76,-66.85
-0.9,-3.6,0.4,4.1,7.9,12.1,14.5,15,14.2,11.3,6.7,2.3,クリーレーク〔サスカチュワン州〕 - カナダ ,43.5,-65.52
26.8,26.6,26.9,26.8,26.1,25.1,25.4,26.7,27.4,27.9,27.3,27,グアヤラメリン - ボリビア ,-10.87,-65.4
-9.6,-9.2,-4.3,2,8.2,13.9,17.9,17.3,12.9,7,1.1,-5.2,ニューカーライル〔ケベック〕 - カナダ ,48.06,-65.38
15.9,15.4,15.3,15.2,13.9,13.2,13.1,13.9,15.1,16.1,16.6,16.7,スクレ - ボリビア ,-19.07,-65.35
-4.8,-4.1,-0.5,5.3,11.1,16,19.9,19.2,15.1,9.1,4.1,-1.2,ケジムクージ国立公園〔ノバスコシア〕 - カナダ ,44.48,-65.25
21.5,20.8,20.4,19,16.3,14.4,14.2,16.2,18.1,20.4,20.9,21.7,タリハ - ボリビア ,-21.6,-64.75
-8.1,-8.1,-4.2,1.4,7.8,13.6,18,18,13.8,7.9,2,-3.8,ミスクー島〔ニューブランズウィック〕 - カナダ ,48.06,-64.54
-7.1,-7.1,-2.8,3.4,9.6,15.1,19.5,19.3,15.1,9.2,3.5,-2.5,サマーサイド〔プリンスエドワードアイランド〕 - カナダ ,46.49,-63.89
28.7,27.4,25.8,22.8,19.7,17,16.1,19,23.1,25.7,27.3,28.9,リバダビア - アルゼンチン ,-24.22,-62.95
25.9,25.7,26.1,26.6,27.7,28.4,28.5,28.9,28.6,28.1,27.3,26.5,サンバルテレミ島 - グアドループ・サンマルタン・サンバルテレミ島 ,17.95,-62.9
27,26.6,26.6,26.6,26.7,26.6,26.9,27.3,27.6,27.6,27.5,27.2,コダジャス - ブラジル ,-3.88,-62.13
27.4,27.7,27.8,27.7,26.8,26.7,26.8,27.6,28.5,28.8,28.6,28,カラカライ - ブラジル ,1.88,-61.18
-3.5,-4.4,-1.4,3.6,9.5,14.4,19.1,19,15.3,9.8,5.3,0.2,トゥクトヤクトゥク〔ノースウェスト準州〕 - カナダ ,46.7,-61
26.4,26.4,26.9,27.6,28.1,27.8,27.5,27.8,28.1,27.9,27.5,26.8,トバゴ島 - トリニダード・トバゴ ,11.2,-60.88
-5.2,-5.7,-2.2,2.6,7.9,13.3,18.2,18.2,14.5,8.8,4,-1,シドニー〔ノバスコシア州〕 - カナダ ,46.22,-60.1
25.6,25.6,26.1,26.6,26.5,26.5,26.5,26.9,27.5,27.4,26.8,26,ティメリ - ギアナ ,6.55,-58.3
26.7,26.9,27.3,27.7,27.3,27,27.1,27.7,28.1,28.4,27.8,27,ジョージタウン - ギアナ ,6.85,-58.2
27.7,27.5,27.6,26.9,24.5,24.1,23.6,25.2,27,28.5,28.1,28,カセレス - ブラジル ,-16.1,-57.73
25.4,24,22.9,18.8,15.5,12.2,11.2,13.8,15,18.6,22,24.2,ヨウング - ウルグアイ ,-32.74,-57.7
26.6,24.9,23.6,19.9,16.4,14.2,13.5,15.6,17.1,20.5,22.6,24.8,ベジャウニオン - ウルグアイ ,-30.33,-57.65
28.4,28,27.9,26.8,24.2,22.8,22.9,25.1,26.8,28.1,28.3,29,コルンバ - ブラジル ,-19.13,-57.55
25.2,24,22.2,18.6,14.6,11.7,11.1,13.2,15,18,21,23.8,ドゥラスノ - ウルグアイ ,-33.4,-56.55
26.8,27,27.1,26.6,24.8,24.7,24.2,26.2,27.6,27.8,27.4,27.1,ディアマンティノ - ブラジル ,-14.45,-56.5
-2.4,-3,-1.1,2,5.7,9.6,14.2,16.8,14,9.4,4.9,0.8,サンピエール - サンピエール・ミクロン ,46.82,-56.23
23.6,22.5,21.5,18,14.1,12.2,11.3,12.9,14.2,17.5,19.3,22.3,タクアレンボ - ウルグアイ ,-31.76,-56.04
-4.9,-5.6,-3.4,1,5.3,10.3,15.8,16,12.3,6.9,2.3,-2,トウィリンゲート〔ニューファンドランド・ラブラドル〕 - カナダ ,49.73,-54.85
27.3,26.8,26.8,26.8,27,27,27,28,28.9,29.1,28.8,28.3,サンタレン空港 - ブラジル ,-2.48,-54.77
26.4,26.6,26.3,25.5,22.6,22.5,22.5,24.3,25.3,26,26,26.4,カンポグランデ - ブラジル ,-20.5,-54.67
23.5,23.2,23.1,21.8,18.7,17.5,17.2,18.4,19,21.3,21.6,22.5,グアイーラ - ブラジル ,-24.13,-54.3
27.1,26.6,26.4,26.5,26.7,26.8,27,27.8,28.2,28.4,28.3,27.8,モンテアレグレ - ブラジル ,-2.05,-54.13
-5.2,-5.1,-2.4,2.4,7.4,12.4,17.3,17.4,13.2,7.6,2.9,-2,テラノバ国立公園〔ニューファンドランド・ラブラドル〕 - カナダ ,48.61,-54.02
-2.5,-3,-1.8,1.4,4.6,8.4,12.8,14.8,12.5,8.4,4.4,0.2,レース岬〔ニューファンドランド・ラブラドル〕 - カナダ ,46.71,-53.13
24.3,24,23,20.5,16.8,15.8,15.4,17.5,18.6,20.5,22.1,23.7,シャペコ - ブラジル ,-27.17,-52.67
24.1,24.1,23.7,21.8,18.1,17.2,16.6,18.4,19.9,22.1,23.1,23.9,カンポモーラン - ブラジル ,-24.1,-52.42
27.3,26.8,26.9,27.1,27.2,27.4,27.4,28.2,28.5,28.6,28.5,27.9,ポルトデモス - ブラジル ,-1.78,-52.28
24,23.7,23,19.8,16.6,13.9,13,14.1,15.5,18.3,20.3,22.4,リオグランデ - ブラジル ,-32.07,-52.13
21.8,22,21.3,19.2,15.4,14.5,13.9,15.5,16.8,19,20.2,21.1,カストロ - ブラジル ,-24.83,-50.05
18,18,17.1,14.8,11.6,10.8,10.3,11.8,12,14.3,15.6,17.2,サンジョアキン - ブラジル ,-28.33,-49.97
27.9,27.6,27.8,27.9,28.3,28.4,28.5,28.8,29,28.9,28.9,28.5,カメタ - ブラジル ,-2.3,-49.55
26,26.1,25.2,22.8,19,17.6,16.9,18.3,19.2,21.5,23.4,25,インダイアル - ブラジル ,-26.95,-49.27
26.5,26.7,26.4,25.6,22.8,22.4,22.5,24.3,25.7,26.9,26.5,26.5,フルタル - ブラジル ,-20.08,-48.98
24.7,24.9,24.6,23.8,21.6,20.3,20.6,22.3,24.5,25.4,24.7,24.7,イパメリ - ブラジル ,-17.77,-48.22
25.2,25.5,25,23.5,20.2,19.4,19.7,21.5,23.3,24.6,24.7,25.1,サンシマン - ブラジル ,-21.53,-47.6
25.5,25.6,24.8,23.2,20.1,18.8,19,20.9,23.1,24.5,24.6,25.3,ピラスヌンガ - ブラジル ,-22.03,-47.38
23.8,24.1,23.4,22,19.1,18.2,18.1,19.4,20.9,22.3,22.6,23.6,カンピナス - ブラジル ,-23.05,-47.18
25.4,25.7,25.3,24.6,22.7,21.4,21.5,23,25.2,26.3,25.3,25.1,パラカトゥ - ブラジル ,-17.27,-46.92
23.1,23.4,22.6,21.3,18.6,17.8,17.2,18.2,18.9,20.3,20.9,22.5,サンパウロ空港 - ブラジル ,-23.67,-46.7
26.8,27,27,27.1,26.7,25.5,25.2,26.2,28.3,28.6,27.6,26.9,アルトパルナイーバ - ブラジル ,-9.17,-46
23.8,23.9,23.4,21.8,18.7,17,17.3,18.8,20.8,22.4,22.7,23.5,マシャド - ブラジル ,-21.72,-45.97
25.1,25.2,24.3,22.6,19.4,18.1,18,19.3,21.2,22.9,23.4,24.5,タウバテ - ブラジル ,-23.07,-45.62
26.3,26.5,25.5,24,21.4,20.1,20.1,21.5,23.2,24.3,24.6,25.9,グアラチンゲタ - ブラジル ,-22.83,-45.25
23.2,23.3,22.7,20.9,17.6,16.1,16.1,17.6,19.8,21.5,22.1,22.9,サンローレンソ - ブラジル ,-22.15,-45.07
24.3,24.5,24.1,23,20.6,19.4,19.5,20.8,22.8,24.1,23.6,23.9,セテラゴアス - ブラジル ,-19.52,-44.3
24.5,24.6,24.1,22.7,20,18.3,17.9,18.8,20.9,22.9,23.4,24.1,コンセイサンドマトデントロ - ブラジル ,-19.08,-43.48
28.2,27.7,27.6,27.6,27.6,27.3,27.4,28.5,30,30.7,30.4,29.6,カシアス - ブラジル ,-4.92,-43.4
26.4,26.7,26.6,26.1,24.8,23.3,23,23.8,25.7,27,26.3,26.1,ジャナウーバ - ブラジル ,-15.83,-43.35
27.3,27.4,27.1,26.8,26.1,24.8,24.4,25.4,27.4,28.9,28,27.4,バラ - ブラジル ,-11.13,-43.22
28.6,28.1,28,28.2,28.6,28.5,28.7,29.8,30.9,31.5,31.1,30.2,テレジナ空港 - ブラジル ,-5.1,-42.87
23.5,23.9,23.8,23.1,22,20.5,20.1,20.9,22.5,23.8,23.5,23.5,カエチテ - ブラジル ,-14.1,-42.67
24.5,24.9,24.2,22.7,20,18.9,18.7,19.6,20.8,22.3,22.9,23.9,コルデイロ - ブラジル ,-22.08,-42.42
25.7,26.2,25.9,25,23.2,21.4,21.3,22,24.6,26,25.4,25.5,サリナス - ブラジル ,-16.23,-42.33
27.7,27.3,27.1,27.3,27.6,27.3,27.4,28.5,29.9,30.7,29.8,28.6,サンジョアンドピアウイ - ブラジル ,-8.4,-42.3
27.6,27.3,27.3,27.4,26.8,26,25.5,26,27.4,28.6,28.3,27.6,レマンソ - ブラジル ,-9.68,-42.15
27.4,27.9,27.1,25.6,23.1,21.8,21.6,22.6,23.7,25.1,25.5,26.7,イタペルナ - ブラジル ,-21.25,-41.93
24.7,25,24.9,24.3,23.2,21.9,21.4,22.1,23.7,25.3,25.1,24.9,イレセ - ブラジル ,-11.35,-41.92
28.1,27.5,27.3,27.1,27.3,27.1,27.6,28.2,29.3,29.9,29.9,29.5,ピリピリ - ブラジル ,-4.32,-41.83
23,23.3,23.2,22.3,20.9,19.4,18.7,19.2,20.6,22.2,22.5,22.9,モロドシャペウ - ブラジル ,-11.27,-41.27
27.5,27.2,27,27,27.1,26.3,26.1,26.8,28.3,29.7,29.5,28.8,パウリスタナ - ブラジル ,-8.18,-41.18
28.2,28.7,28.2,26.9,24.7,23.3,23.1,23.6,25.2,26.3,26.7,27.6,アイモレス - ブラジル ,-19.53,-41.12
28.5,27.7,27.2,26.9,27,26.9,27.5,28.3,29.2,29.6,29.6,29.6,ソブラル - ブラジル ,-3.75,-40.4
27.1,26.6,26.5,26.1,25.6,24.7,24.4,25.2,26.7,28.3,28.7,28.2,オーリクリ - ブラジル ,-7.95,-40.1
26.6,26.7,26.7,25.8,24.2,22.5,21.9,22.4,24,25.7,26.2,26.6,モンテサント - ブラジル ,-10.48,-39.35
28.1,27.4,27.2,26.8,26.5,26,26.5,27.5,28.6,29.4,29.7,29.5,イグアトゥ - ブラジル ,-6.42,-39.35
26.9,26.7,26.9,26.3,25,23.9,23.2,23.1,23.9,25.2,25.6,26.4,イリェウス - ブラジル ,-14.85,-39.12
27.4,27.4,27.3,26.1,24.6,22.9,22.4,22.6,24,25.7,26.5,27.2,セリニャ - ブラジル ,-11.68,-39.02
26.4,26.5,26.5,25.9,24.4,23.2,22.6,22.4,23.3,24.5,25.3,26,カナビエイラス - ブラジル ,-15.72,-39
28.4,28.5,28.5,27.5,25.9,24.3,23.4,23.6,25,26.8,27.8,28.4,シポ - ブラジル ,-11.13,-38.57
29,28.5,28.4,28,27.6,27,27.1,27.7,28.4,29,29.2,29.4,モラダノバ - ブラジル ,-5.13,-38.43
29.4,29.5,29.5,28.7,26.7,25.1,24.3,25,26.8,28.4,29.6,29.3,パウロアフォンソ - ブラジル ,-9.45,-38.27
28.2,28.4,28.6,27.7,26.2,24.8,24.1,24.1,25,26.5,27.4,28.3,プロプリア - ブラジル ,-10.25,-36.92
28.3,28.5,28.5,28.6,28.4,27.9,27.7,27.9,28.1,28.1,28.2,28.3,マカウ - ブラジル ,-5.17,-36.68
23.8,23.9,23.9,23,21.9,20.4,19.6,19.7,20.8,22.4,23.2,23.9,ガラニュンス - ブラジル ,-8.93,-36.57
25.8,25.9,25.8,25.3,24.3,22.9,22.2,22.5,23.6,24.7,25.5,25.8,カンピナグランデ - ブラジル ,-7.27,-35.93
26.8,27.1,27.3,26.7,25.4,24.4,23.6,23.6,24.2,25.3,26.1,26.6,アエロポート - ブラジル ,-9.57,-35.83
27.2,27.2,27.2,26.8,26.3,25.4,25,24.9,25.6,26.3,26.7,27.1,セアラミリン - ブラジル ,-5.7,-35.47
27.8,27.6,27.9,27.6,27.7,27.1,26.5,26.5,26.6,27.1,27.6,27.8,フェルナンドデノローニャ島 - ブラジル ,-3.9,-32.47
14.9,14.4,14.6,15.3,16.6,18.9,21.1,22.2,21.5,19.4,17,15.7,ポンタデルガーダ - ポルトガル ,37.78,-25.75
21.8,21.6,21.8,22.3,23,24.1,25.3,26.7,27.2,26.6,25,23.1,サル - カーボベルデ ,16.79,-23
1,1.2,1.7,4.2,7.1,10.3,12.2,11.3,8.8,5.3,2.5,0.8,レイキャビク国内空港 - アイスランド ,64.18,-21.95
2.3,2.1,2.3,4.1,6.5,9,10.8,10.7,8.6,5.6,3.5,2.3,ベストマンナエイヤル - アイスランド ,63.45,-20.33
24,25.7,27.3,29.1,30.5,30.2,30.4,30.2,30.7,31.1,28.1,24.4,ロッソ - モーリタニア ,16.55,-15.87
26.7,27.4,28.5,28.8,28.7,29,27.5,26.9,27.2,28.7,28.5,26.4,ビサウ - ギニアビサウ ,11.93,-15.7
27.3,27.6,28.1,28.4,28.4,27.5,26.1,25.8,26.5,27.2,28,27.9,コナクリ/GBESSIA - ギニア ,9.62,-13.67
25.5,28.2,31.5,33.9,35.9,34.5,31.9,30.8,30.9,32.6,30.4,26.8,カエディ - モーリタニア ,16.2,-13.57
27.1,27.7,28,28.2,28.1,27.1,26.1,25.8,26.6,27.2,27.6,27.8,ルンギ - シエラレオネ ,8.67,-13.25
23.9,26.2,30.3,34.1,36.6,36.6,33.6,31.5,32.1,33,28.6,24.5,キファ - モーリタニア ,16.68,-11.45
26.8,29.7,33.2,36,37.4,34.7,30.6,28.8,29.4,31.8,30.9,27.7,イェリマネ - マリ ,15.17,-10.62
9.7,10.5,13,14.7,18.2,21.9,24.3,24.6,21.9,18,13.2,10.5,ベージャ - ポルトガル ,38.07,-7.92
24.6,27.3,29.3,28.8,27.8,26.3,25.3,24.9,24.9,25.5,25.6,24,オディエンネ - コートジボワール ,9.55,-7.62
26.9,27.5,27.8,27.7,27.2,26.1,25.3,24.8,25.3,26.2,26.8,27,サンペドロ - コートジボワール ,4.8,-6.7
25.8,28.1,28.3,27.8,27.1,26,25.4,25.2,25.7,26,26.2,25.3,ヤムスクロ - コートジボワール ,6.95,-5.4
8.7,8.4,9.2,10.4,12.4,14.5,16.1,16.4,15.3,13.5,11.2,9.5,ウェッサン島 - フランス ,48.52,-5.11
26.9,27.9,28.1,28,27.3,26.1,25.4,24.8,25.3,26.4,27.1,27.1,アディアケ - コートジボワール ,5.35,-3.35
4,4.1,5.2,6.9,8.8,11.2,13.1,13.3,11.8,9.1,6.4,4.3,ウィック - イギリス ,58.5,-3.14
26.6,28.2,28.3,27.5,27.1,25.8,25.1,24.6,25.1,25.7,26.5,26.1,スンヤニ - ガーナ ,7.38,-2.38
28.2,31.1,32.3,31.2,29.9,27.6,26.8,26.5,26.6,27.9,28.9,27.8,タマレ - ガーナ ,9.6,-0.9
27.4,29.3,31.5,30.7,28.7,27.2,26.1,25.5,25.9,27.3,28.8,28.2,ダパング - トーゴ ,10.92,0.3
20.4,23.2,27.3,30.8,34.5,36.6,35.5,34.4,34.4,31.5,26.5,22.1,テッサリト - マリ ,20.25,1.03
27,29.1,30.5,30,28.3,26.6,25.5,25.1,25.5,26.5,26.9,26.6,カラ - トーゴ ,9.6,1.22
4.5,4.8,8.2,10.9,14.9,18,20.4,20.2,16.7,12.8,8,5,シャトルー・デオル飛行場 - フランス ,46.92,1.79
23.9,26.3,31,34.7,35.8,34.9,32.6,31.1,32.3,32.9,28,24.4,メナカ - マリ ,15.92,2.27
3.1,3.8,7,9.5,13.4,17.5,19.9,19.9,15.7,11.7,6.8,4.1,ミヨー - フランス ,44.17,3.07
27.6,28.8,29.2,28.8,28.1,26.7,25.9,25.6,25.9,26.5,27.9,27.8,ラゴス・イケジャ - ナイジェリア ,6.63,3.38
4,5.1,9,12.2,16.3,19.9,22.4,22.1,17.8,13.5,8,4.7,リヨン（ブロン） - フランス ,45.78,4.99
20.2,20.9,27,33.1,34.8,36.5,36.5,34.5,34.6,30.7,25.1,21.1,インゲザム - アルジェリア ,19.62,5.82
2.6,3.3,7,10.4,14.7,17.9,19.7,19.7,15.5,11.2,6.4,3.1,メス - フランス ,49.12,6.17
2.4,4,8.7,11.6,16.8,20.9,22.8,22.6,18.4,13,6.9,3,ノバーラ／CAMERI - イタリア ,45.58,8.72
27.7,28.2,28.4,28.1,27.4,25.5,24.4,24.9,26,26.7,27,27.2,ポールジャンティ - ガボン ,-0.75,8.8
10.1,10.3,12.4,14.9,18.6,23,25.8,26.1,22.7,19.2,14.6,11.2,カリアリ／エルマス - イタリア ,39.29,9.11
27.4,27.7,27.6,27.5,27.3,26,25,25.1,25.9,26.2,26.5,27.1,リーブルビル - ガボン ,0.5,9.47
27.8,28.1,28,27.5,27.3,26.4,25.5,25.1,25.6,26,26.8,27.6,ドゥアラ - カメルーン ,4.05,9.78
27.7,28.1,28.1,27.6,27.4,26.7,25.8,25.8,26.2,26.2,26.6,27.5,バタ - 赤道ギニア ,1.95,9.85
-0.6,0.4,4.7,8.6,13.2,16.4,18.2,17.8,13.6,8.8,3.5,0,ウルム - ドイツ ,48.43,10
1.9,2.1,4.6,8.2,12,15.3,17.6,17.7,14.4,10.2,5.7,2.8,キール - ドイツ ,54.43,10.19
14,16.4,21.5,26,30.6,33.8,34,33.1,31.9,27.2,19.8,15,ガート - リビア ,25.18,10.2
27.3,27.9,27.7,27.8,27.2,25.7,24.5,24.9,26.3,26.8,26.8,26.8,ランバレネ - ガボン ,-0.77,10.28
27.3,27.5,27.9,28.2,27,25.6,24.8,24.7,25.6,26.9,26.8,27,ムイラ - ガボン ,-1.92,11.07
0.1,1.1,5,9.4,13.8,17.3,19.2,18.7,14.1,9.3,4.3,0.9,ロート - ドイツ ,49.27,11.15
1.3,2,5.1,9.7,13.9,16.8,19.3,18.8,14.6,10,5.2,1.8,ハレ／KROELLWITZ - ドイツ ,51.56,12
25,25.4,25.7,26.1,25.3,24.2,23.1,23.6,24.6,24.7,24.9,24.7,マコクー - ガボン ,0.62,12.92
-1.6,-1.8,0.3,2.7,7.5,11.7,14.6,15.3,10.3,7,2.1,-0.8,テルミニロ山 - イタリア ,42.52,13.03
3.8,5.3,9.7,12.7,18.6,22,23.8,24.2,19,14.1,9.2,4.5,ウディネ - イタリア ,46.03,13.1
26.8,27.4,27.7,27.2,26.2,23.1,21.4,21.4,22.8,24.7,26.2,26.4,ルアンダ - アンゴラ ,-8.9,13.28
-2,-1.8,0.9,6,11.1,15.1,17.4,16.2,12.1,6.6,2.5,-0.9,カールスタード - スウェーデン ,59.49,13.39
24.7,24.7,25.3,25.3,24.6,22.1,21.5,21.8,22.9,24.2,24.5,24.2,シビティ - コンゴ（共和国） ,-3.73,13.4
26.7,30,33.5,33.8,31.4,28.8,27.7,26.8,27,28.7,29.4,27.2,ガルワ - カメルーン ,9.38,13.43
21.3,23,25.2,23.9,22.8,21.9,21.6,21.4,21.3,22,22.2,21.2,ンガウンデレ - カメルーン ,7.4,13.62
12.5,14.6,19.8,24.5,29.1,32.2,32.5,32.3,31,25.7,19.1,13.6,サブハー - リビア ,27.07,14.5
20.2,20.6,20.5,19.6,18,17.4,17.2,14.9,15.5,16.9,18.1,19.4,ウォルビスベイ空港 - ナミビア ,-23.03,14.7
23.4,23.9,24.3,24.3,23.7,22.7,22.2,22.4,22.8,23.2,23.2,23,ジャンバラ - コンゴ（共和国） ,-2.58,14.82
10.5,10.5,12.3,14.9,18.7,22.7,25.4,26,22.6,19.3,15.4,11.9,パリヌーロ岬 - イタリア ,40.08,15.33
-1.7,-1.6,1.2,5.9,10.7,14.6,17.1,16.3,12.1,7,2.7,-0.4,リンチェピング／マルムスレット - スウェーデン ,58.45,15.58
24.2,25.6,25.7,24.5,23.2,22.3,21.6,21.4,21.6,22.2,23.5,23.7,ブアル - 中央アフリカ ,6.02,15.68
24.4,25.7,26,25.8,25.1,24.2,23.6,23.6,23.8,23.9,24.5,24.2,ベルベラティ - 中央アフリカ ,4.3,15.85
0.6,2.6,7.3,12.4,16.5,20.4,22.1,21.7,16.5,11.8,6.7,1.6,クラピナ - クロアチア ,46.19,15.94
27.9,31,33.7,33.6,31.1,28.3,27.3,26.6,27,29,29.8,27.9,ムンドゥ - チャド ,8.62,16.12
9.9,10.1,12.1,14.6,18.9,23.1,25.7,26.1,22.6,18.7,14.7,11.1,ブリンディジ - イタリア ,40.71,18.01
27.5,27.7,26.3,22.7,19.1,15.3,14.8,16.5,20.4,23.2,24.9,27,ケートマンスフープ - ナミビア ,-26.58,18.17
24.3,23.8,23,21.6,19.1,15.9,16,19.4,23.2,25.4,25.4,25,グルートフォンテーン - ナミビア ,-19.65,18.17
25.4,27.2,27.6,27,26.6,25.7,24.9,25,25.1,25.2,25.6,25.3,バンギ - 中央アフリカ ,4.45,18.57
24.1,24.5,22.4,19.6,16.5,13.6,13,13.2,14.9,18.5,20.1,22.6,マームズベリー - 南アフリカ ,-33.52,18.77
2.3,3,6.5,10.5,14.7,19.3,22.3,22.3,17.2,12.5,7.6,3.5,ニクシチ - モンテネグロ ,42.82,19
9.6,10.4,12.7,15.9,19.7,23.7,26.2,26.2,22.9,19.1,15.1,11.1,バール - モンテネグロ ,42.15,19.13
25.4,25.3,24.9,23.5,20.7,17.9,17.4,21.1,25.5,28.2,27.3,26.3,ルンドゥ - ナミビア ,-17.97,19.82
23.6,23.9,22.4,19,16.4,13.6,13,13.8,15.8,18.7,20.6,23.1,ロバートソン - 南アフリカ ,-33.84,19.93
21.8,21.6,20.6,18.5,17.1,15.3,14.7,14.9,15.8,17.4,18.6,20.7,アガラス岬 - 南アフリカ ,-34.88,20.06
13.3,14,16.7,20.3,24.1,27,27.1,27.8,27.3,23.6,18.8,14.6,アジュダービヤー - リビア ,30.77,20.22
-1.2,-0.5,2.7,8.2,12.8,16.3,18.6,18.3,13.9,8.7,4,0.4,カリーニングラード - ロシア ,54.78,20.61
25.9,26.1,23.8,19.5,15.5,12.1,11.5,13.1,15.7,19.9,21.8,24.5,レイングズバーグ - 南アフリカ ,-33.25,20.92
-1.3,-1,1.8,6.9,12.1,15.7,18.7,18.4,14.5,8.9,4.6,1.3,パランガ - リトアニア ,56.02,21.14
-1.6,-1.1,1.4,5.8,10.5,15.1,17.4,17.5,13.5,8,4.5,1.1,パビロスタ - ラトビア ,56.94,21.24
0.9,4,9.2,14.1,17.8,22.3,25,25.1,20.1,14.1,9,2.8,スコピエ - マケドニア ,42.07,21.45
-1.5,-2.1,1,5.7,10,14.3,17.8,17.8,13.1,8.4,3.8,-0.4,ベンツピルス - ラトビア ,57.45,21.59
0.6,3.1,6.9,11.3,16,20.7,23,23,18.2,12.8,7.5,2.4,プリレプ - マケドニア ,41.38,21.62
27.1,26.4,25,22.7,19.8,16.7,16.3,19.4,23.7,26.8,27.4,27.6,ガンジ - ボツワナ ,-21.75,21.7
-0.6,-1.6,0.3,4.3,9.2,13.7,17.8,17.4,13.3,8.2,4.1,1.5,リストナ - エストニア ,58.97,22.12
1.4,4.1,8.5,13.2,17.8,22.4,24.8,25.2,19.9,14.2,8.7,3,シュティプ - マケドニア ,41.8,22.23
-3.7,-2.9,0.1,6.5,11.4,15,17.4,16.7,12.2,6.8,2.4,-1.4,ラウクバ - リトアニア ,55.66,22.29
-2.6,-2.7,0.5,6.4,11.5,15.1,17.7,16.8,12.4,6.8,2.3,-1,サルドゥス - ラトビア ,56.72,22.55
-2.3,-2.8,-0.6,4.7,10.3,14.6,17.8,16.6,12,6.3,1.5,-2.1,クレサーレ - エストニア ,58.27,22.56
-0.7,-1.6,0.5,4.7,9.7,14.2,17.5,17.1,13.2,8,3.8,0.8,クアルカ - ラトビア ,57.8,22.64
-1.6,-0.1,1.5,8.1,12.3,16.3,18.5,17.8,12.9,8.7,2.8,-1.6,キーバルタイ - リトアニア ,54.68,22.83
25.5,27.2,27.7,27,26,25.3,24.9,24.8,24.9,24.9,25.2,24.9,バンガスー - 中央アフリカ ,4.78,22.88
25.1,24.4,22.3,18,14.5,10.6,10.6,13,17.1,20.2,22.3,24.6,ポストマスバーグ - 南アフリカ ,-28.4,23.13
-1.5,-1.9,0.5,5.1,10.1,14.4,17.5,16.9,12.8,7.5,3.2,0.2,メルスラグス - ラトビア ,57.38,23.16
24.1,23.9,23.8,23.1,21.2,18.9,18.6,21.9,25.5,26.9,25.5,24.3,モング - ザンビア ,-15.3,23.2
26.7,26.4,25.9,24,21,18.2,17.9,21.2,25.5,28.7,28.2,27.1,マウン - ボツワナ ,-20.03,23.47
24.1,23.6,21.7,17.8,14.8,11.3,11,12.4,14.9,18.2,19.7,22.3,ウィローモア - 南アフリカ ,-33.35,23.53
-2.7,-2.5,1.1,7.7,12.7,15.9,18.4,17.6,12.8,7.4,1.9,-1.9,ラズディヤイ - リトアニア ,54.28,23.56
-2.4,-2.7,-0.4,5.1,11,15.2,18.6,17.8,13.5,7.8,3.7,0.5,ビルツ - エストニア ,58.62,23.56
-2.7,-2,2.9,8.9,14,16.9,19.1,18.5,13.4,8.3,3.5,-1.2,ドロホビチ - ウクライナ ,49.4,23.57
-3,-2.5,1.9,8.3,13.8,17.4,19.7,18.6,13.5,8,1.3,-1.5,ラバルスカイヤ - ウクライナ ,50.3,23.68
-3.6,-2.3,0.9,6.6,12.2,16,18,16.9,12.3,6.6,3.3,-1.1,エルガバ - ラトビア ,56.73,23.79
13.8,14.5,16.9,18.9,21.2,24.3,26.2,26.9,25.9,23.5,19.6,15.6,トブルク - リビア ,32.15,23.98
-2.1,-3,-0.4,5,11.5,15.5,18.9,18.3,14.2,8.4,4.3,1,キフヌ - エストニア ,58.15,24.02
-2.3,-3.3,0.7,6.8,11.8,15.7,18.8,17.4,12.7,7.2,2.3,-1.3,リガ - ラトビア ,57,24.17
-3.9,-2.7,1.2,7,12.6,16.1,18.5,17.7,12.8,6.8,3.3,-1.2,バウスカ - ラトビア ,56.47,24.23
-3.5,-3.4,-0.3,5.4,10.7,14.7,17.7,16.7,12.3,6.6,1.9,-1.5,アイナジ - ラトビア ,57.92,24.42
-3.3,-2.1,0.5,6,11.4,15.6,18.3,17.4,12.8,7.1,3.3,-0.8,スクルテ - ラトビア ,57.35,24.46
12.5,14.5,17.4,22.6,26.6,30.8,30.8,31.3,28.8,24.4,18.8,14.6,ジャグブーブ - リビア ,29.8,24.58
-4.5,-4.4,-0.9,5.4,11.1,14.5,17.6,16.4,11.9,6,2,-1.4,クージク - エストニア ,59.02,24.78
26.3,25.4,23.5,19.8,16,12.5,12.3,14.9,19.2,22.8,24.1,26.3,タウング - 南アフリカ ,-27.6,24.82
22.9,26.1,29.2,31.4,32,30.7,27.9,26.5,27.4,28.5,27.1,23.8,ニヤラ - スーダン ,12.1,24.93
-2.6,-2.1,2.7,8.9,14.1,17,19.3,18.6,13.5,8.3,3.2,-1.3,ベレジャヌイ - ウクライナ ,49.48,25
22.9,22.2,19.8,15.8,12,8.6,8.4,10.5,14.2,17.5,19.7,21.9,ナウプールト - 南アフリカ ,-31.24,25.02
-2.8,-1.1,4,9.5,14.8,18,20,20.1,14.9,9,2.8,-1.8,コロムイヤ - ウクライナ ,48.58,25.08
-4.5,-3,0.6,6.9,12.5,16.2,18.3,17.4,12.3,6,2.8,-1.9,スクリベリ - ラトビア ,56.69,25.18
25.6,25.5,25.6,24.6,22.2,19.7,19.7,22.9,27,29.5,28,26.2,カサネ - ボツワナ ,-17.87,25.2
-3,-2.8,1.8,8.6,14,17.5,19.5,18.7,13.4,7.9,1.3,-1.6,ブロディ - ウクライナ ,50.15,25.2
-4,-4.2,-0.8,5.7,11,15.2,18,16.5,12,6.1,1.2,-1.7,テュリ - エストニア ,58.86,25.46
22.5,22.8,21.7,19.4,16.9,14.9,14.3,15,16.3,18,19.2,21.2,オイテンハーヘ - 南アフリカ ,-33.76,25.48
-3.8,-3.6,0.4,7.2,12.3,15.9,18.2,17.1,12.3,6.9,2.4,-1.5,ウテナ - リトアニア ,55.57,25.64
-3.1,-1.9,2.6,9,14.6,17.1,19.4,19.2,13.7,8.3,2,-1.5,チョルトコフ - ウクライナ ,49.07,25.85
-4.1,-4.2,-0.4,6.1,11.6,15.6,18.2,16.8,11.9,6.1,1.3,-2,バルガ - エストニア ,57.84,26.09
22.4,22.1,20.9,17.6,13.9,11.3,10.9,13.9,17.9,20.6,21.4,22.6,リヒテンバーグ - 南アフリカ ,-26.18,26.22
-4.8,-4.8,-1.9,4.9,10.5,14.6,17.4,16.1,11.6,5.5,0.9,-2.4,ビャイケマーリヤ - エストニア ,59.19,26.28
-4.4,-4.1,-0.1,6.7,12,15.1,17.8,16.5,11.4,5.8,1.2,-2.6,ルイントゥプイ - ベラルーシ ,55.1,26.36
21.3,21.7,20.4,18.1,16.2,13.9,13.6,14.5,15.6,16.9,17.9,20,グラハムズタウン - 南アフリカ ,-33.34,26.55
-3.2,-3.8,-0.6,4.8,10.1,14.6,17.6,16.7,12.4,6.8,2,-1.1,クンダ - エストニア ,59.57,26.59
24.4,24,22.7,19.5,17.5,15.2,14.9,15.9,17.8,19.6,20.8,22.9,フォートボーフォート - 南アフリカ ,-32.84,26.68
-3,-1.9,3,9.3,15,17.4,20,19.4,14.3,8.5,2.4,-1.3,カーミャネツポーディリシキー - ウクライナ ,48.7,26.72
-4.6,-4.9,-0.6,6.1,11.7,15.2,17.7,16.3,11.4,5.5,0.4,-2.8,グルベネ - ラトビア ,57.18,26.77
23.5,22.4,20.6,16,12.6,8.4,8.3,10.7,14.9,18.3,19.9,22.3,アリワルノース - 南アフリカ ,-30.89,26.93
-4.2,-4.4,-0.2,6.4,11.9,15.9,18.5,17.2,12.3,6.4,1.3,-2.2,ブル - エストニア ,57.9,27.07
23.5,22.9,21.2,18,14,10.7,10.7,13.8,18.1,21.1,21.8,23.1,ポチェフストルーム - 南アフリカ ,-26.78,27.12
-3.9,-4.6,-0.5,6.4,11.7,15.4,18.3,17.3,12.3,6.5,1.5,-2.6,レゼクネ - ラトビア ,56.59,27.33
-4.3,-5.6,-2.3,4,9.6,13.7,17.4,16,11,5.8,1.2,-2.3,ユフビ - エストニア ,59.38,27.45
-4.7,-4.6,-0.4,6.8,12.2,15.6,18.1,16.8,11.5,5.9,1,-2.8,ドクシツィ - ベラルーシ ,54.94,27.81
-2.3,-0.9,3.9,10.3,16,19.7,21.5,20.9,15.4,9.6,4.3,-0.7,モリヒフポディリシキー - ウクライナ ,48.5,27.83
20.2,19.9,18.6,15.7,13,9.8,9.7,11.6,14.5,16.1,17.4,18.6,エリオット - 南アフリカ ,-31.39,27.89
21.6,20.9,19.1,15.4,11.6,8.2,7.6,10.7,14.4,17.9,19.3,21,フィクスバーグ - 南アフリカ ,-28.88,27.95
-4.3,-3.6,0.9,8.1,13.4,16.7,19,18,12.4,6.4,1.4,-2.7,マリナゴルカ - ベラルーシ ,53.54,28.19
21.8,21.9,20.5,18.1,15.1,12.6,12.2,15.1,18.7,20.5,21.1,21.7,プレトリア（IRENE） - 南アフリカ ,-25.96,28.26
-4.8,-4.9,-0.6,6.5,12.2,16.1,18.6,17,12,5.9,0.8,-2.8,プスコフ - ロシア ,57.87,28.38
22.1,22.1,21.9,20.6,19.1,17.3,16.6,19.3,22.9,25,24.5,22.7,カブウェ - ザンビア ,-14.5,28.52
-4.9,-5.2,-1.1,5.4,11.1,15.5,18.1,16.5,11.6,5.7,0.6,-2.6,キンギセプ - ロシア ,59.42,28.65
-3.5,-2.7,2,9.1,14.7,18.2,20,19.1,13.8,7.8,2.6,-1.9,ジトミル - ウクライナ ,50.28,28.78
-6.1,-6.4,-2.5,3.5,10.4,15.4,18.6,16.9,11.8,5.6,0.4,-3.2,ブイボルグ - ロシア ,60.77,28.78
-4.5,-4.4,0.1,7,12.6,16.3,18.4,17.2,12,6.1,1,-2.7,ポラツク - ベラルーシ ,55.52,28.8
-4.4,-3.8,0.7,7.8,13.4,16.7,19,17.7,12,6.2,1.2,-2.8,ベレジノ - ベラルーシ ,53.88,29.05
-4.4,-3.8,0.7,7.7,13.4,16.5,18.9,17.6,12.2,6.4,1.3,-2.9,バブルイスク - ベラルーシ ,53.26,29.18
-0.9,0,4.6,9.6,16.2,20.2,22.7,22.6,16.5,11.1,5.5,0.1,サラタ - ウクライナ ,46.07,29.72
-4.7,-5.2,-0.4,7.3,12.9,16.5,18.9,17.6,11.9,6.2,0.7,-3.6,セノ - ベラルーシ ,54.85,29.74
13.9,14.6,16.5,19.1,22.1,25.2,27,27.8,26.5,23.7,19.6,15.5,アレクサンドリア - エジプト ,31.23,30
-4.1,-3.5,1.3,8.7,14.3,17.5,19.8,18.7,12.9,6.9,1.5,-2.6,ジロビン - ベラルーシ ,52.94,30.09
-3.4,-3,2,8.8,14.8,17.9,20.3,19,13.2,7.4,1.2,-2.4,チェルノブイリ - ウクライナ ,51.33,30.28
23.9,24.5,23.7,21.9,20.5,19,18.5,19.1,19.4,20.2,21.3,22.8,マーゲート - 南アフリカ ,-30.9,30.38
-5.1,-4.9,-0.4,7,12.9,16.1,18.4,17.1,11.6,5.8,0.6,-3.3,オルシャ - ベラルーシ ,54.55,30.49
-2.1,-1.9,3.4,10,15.8,18.7,21.9,21,15,9.8,3.3,-1.2,ペロボマイシク - ウクライナ ,48.1,30.9
22.9,22.5,21.7,19.2,16.5,14.2,14.2,16.6,20.3,22.6,23.3,22.9,マスビンゴ - ジンバブエ ,-20.12,30.92
-4,-3.2,1.7,9.3,15.3,19,20.7,19.6,14.1,7.8,2.1,-2.3,ボリスポリ - ウクライナ ,50.38,31.02
-3.7,-2.8,2.3,9.7,15.7,19.2,21.1,20.3,14.8,8.5,2.6,-1.9,ミロノフカ - ウクライナ ,49.72,31.05
25.3,27.6,30.5,32.1,30.6,27.9,25.8,25.1,26.1,27.4,28.2,25.9,ラシャード - スーダン ,11.92,31.1
21.1,21.1,20.5,18.7,16.4,14.3,14,16.6,19.9,21.8,22,21.2,ハラーレ - ジンバブエ ,-17.97,31.18
21.1,21,21.5,21,19.6,17.9,17.6,19.6,22.4,23.9,23.3,22.1,カサマ - ザンビア ,-10.27,31.18
-5.3,-5,-0.6,6.1,11.9,15.5,17.9,16.5,11.5,5.7,0.3,-2.9,ホルム - ロシア ,57.2,31.23
-5.6,-2.7,-0.8,5.4,12.8,16.5,17.8,16.9,12.2,4.9,0.8,-1.9,ノブゴロド - ロシア ,58.57,31.3
24.8,25.1,24.3,22,20.5,18.6,18.2,20.1,21.7,22.3,23.2,24.4,マンジニ／マツァパ空港 - スワジランド ,-26.58,31.35
17.5,19.6,23.7,28.7,32.7,34.4,34.7,35.3,33.6,30.3,24.1,19.3,ワディハルファ - スーダン ,21.87,31.4
26.6,26.8,26,23.1,19.4,16.5,16.3,18.7,22.2,24.2,25.6,26.6,スククーザ - 南アフリカ ,-25.03,31.65
-4.1,-3.4,1.3,8.7,14.7,18.1,20.1,18.6,13.1,7.1,1.4,-3.1,ニジン - ウクライナ ,51.1,31.95
-5.2,-4.8,0.1,7.6,13.5,16.6,18.9,17.7,12,5.9,0.6,-3.6,コムナルイ - ベラルーシ ,53.41,32.12
-3,-2.3,2.9,9.7,15.9,19.3,21.8,21.2,15.6,9.1,2.5,-1.7,ボブリネツ - ウクライナ ,48.12,32.2
-3.8,-3.3,2.2,9.9,15.7,18.9,21.3,20,14.4,8,2,-2.2,プリルキ - ウクライナ ,50.63,32.43
26.7,26.9,26.1,24.3,22.3,20.3,19.7,20.9,22.4,23.3,24.7,26.2,マプート - モザンビーク ,-25.97,32.62
-4.6,-4.6,1,8.6,14.5,18,20.2,18.8,13.2,6.9,0.8,-3,セミョーノフカ - ウクライナ ,52.23,32.63
21.7,21.4,20.8,19.1,17.5,15.8,14.9,17.1,19.3,20.8,21.5,21.6,チピンゲ - ジンバブエ ,-20.25,32.67
-3.5,-3.1,2.1,9.4,15.4,18.4,20.9,20.4,14.7,8.2,1.5,-2.3,ズナミャンカ - ウクライナ ,48.77,32.72
14.9,17.9,21.7,26.5,30.6,33.2,33.6,33.4,31.2,27.8,21.6,16.6,キーナ/SOUTH OF VALLEY UNIVERSITY - エジプト ,26.25,32.8
-5.8,-5.4,-0.7,7.1,13.2,16.5,18.9,17.3,11.7,5.8,0,-4.2,ロスラブリ - ロシア ,53.98,32.88
-5.6,-5.5,-0.9,6.5,12.1,15.7,18.1,16.4,11.2,5.3,-0.2,-3.9,ベルイ - ロシア ,55.88,32.98
-6.6,-6.8,-3.1,2.9,9.9,15,17.9,16.1,10.9,5.2,-0.2,-3.7,オロネツ - ロシア ,61.03,33.03
-6.6,-6.7,-1.9,5.3,11.7,15.6,18.5,16.1,10.8,4.8,-1,-4.4,オスタシコフ - ロシア ,57.17,33.15
-4.7,-4.1,1,9,15.3,19,20.8,19.5,13.7,7.3,1.4,-3,コノトプ - ウクライナ ,51.28,33.25
1.3,1.1,4.9,10,15.3,20.4,24.2,23.4,18.1,12.7,7.6,2.7,エフパトリヤ - ウクライナ ,45.23,33.42
24.1,24.3,23.2,21.6,19.9,18.3,17.6,19.5,21.8,23.6,24.2,24.3,チモイオ - モザンビーク ,-19.17,33.52
28.7,29.1,28.9,28.1,26,23.4,23.1,25,28.2,30.4,31.2,28.9,テテ - モザンビーク ,-16.23,33.63
26.7,26.8,26,23.9,21.5,20.1,19.6,20.9,22.6,23.7,25,26.2,シャイシャイ - モザンビーク ,-25.1,33.68
21.3,21.3,21.3,20.1,18.3,16.5,16,17.6,20.7,23.4,23.6,22.2,リロングウェ - マラウイ ,-13.83,33.82
-7.1,-6.8,-1.9,5.3,11.7,15.6,18.3,16.4,11,4.6,-1.2,-5.1,ボロゴエ - ロシア ,57.93,34.08
4.5,4.1,6.5,10.8,16.2,21.2,24.6,24.4,19.3,14.2,9.6,5.8,ヤルタ - ウクライナ ,44.53,34.22
-3.4,-3.1,2.4,9.9,16.1,19,21.5,21.1,15.2,8.5,1.6,-2.4,コベリャキ - ウクライナ ,49.2,34.25
-1.5,-1.9,3.3,9.7,15.6,19.9,23.3,22.4,16.2,10.6,3.6,-1,ニジニシロホズィ - ウクライナ ,46.9,34.45
-6.6,-6.5,-1.5,6.2,12.3,15.9,18.3,16.5,10.9,5.1,-0.9,-4.9,ビヤジマ - ロシア ,55.22,34.45
-9.7,-9.6,-4.7,1.4,7.8,13.7,17,14.7,9.5,3.3,-2.4,-6.3,メドベジエゴルスク - ロシア ,62.97,34.48
-2.2,-2.3,2.7,10,15.7,19.3,22.3,21.5,15.9,9.9,2.7,-1.3,ニコポリ - ウクライナ ,47.63,34.5
-7.3,-7.2,-1.9,5.9,12.1,15.6,18.2,16.4,11.1,5,-1.2,-5.4,スタリツァ - ロシア ,56.53,34.97
-6.9,-7.4,-4.6,-0.9,3.7,8.2,12.2,11.2,8,2.4,-2.5,-4.7,テリベルカ - ロシア ,69.25,35.16
20.5,20.6,20.4,19.5,17.9,16,15.6,17.2,19.7,21.6,22.2,20.9,リチンガ - モザンビーク ,-13.35,35.28
28.1,28.5,27.4,25.4,23.7,21.9,21.5,22.3,24,25.5,26.5,27.2,ビランクロス - モザンビーク ,-22.05,35.37
-2.6,-3.8,2.5,10.1,16.9,21.2,24.1,23.2,16.7,10.2,4.7,-1.3,メリトポリ - ウクライナ ,46.88,35.42
2,2.1,5.7,11,16.9,21.7,24.9,24.7,19.1,13.6,8,3.9,フェオドシヤ - ウクライナ ,45.08,35.43
9.6,10.4,13.3,17.1,21.4,25.5,28.2,28.9,26.2,22.2,16.1,11.1,アダナ／ADANA-INCIRLIK - トルコ ,37.05,35.47
-5.9,-5.9,0.7,9.8,16.4,20.8,23.2,22.3,15.5,8.1,0.8,-4.1,クラスノグラード - ウクライナ ,49.43,35.5
14.4,14.7,16.6,19.1,22.5,25.3,27.5,28.3,27.1,24.6,20.1,16.3,ベイルート - レバノン ,33.87,35.53
20.3,21,21.3,20.5,19.3,18.1,17.4,17.6,17.9,18.5,19.2,19.4,ゴレ - エチオピア ,8.2,35.58
29.8,30.3,30.8,30.3,30.4,29.6,29.1,29.4,30.3,30.6,29.7,29.5,ロドワル - ケニア ,3.17,35.69
12.4,13.1,15.2,17.8,21.5,24.8,27.1,27.9,26.3,23,18,14.1,トリポリ - レバノン ,34.5,35.85
-7,-6.7,-1.6,6.2,12.5,16.5,19.2,16.8,11,5,-1.1,-5,トベリ - ロシア ,56.93,35.92
-6.1,-5.9,-0.7,7.6,14.2,17.8,19.8,18.5,12.8,6.4,0,-4.4,オリョール - ロシア ,52.98,36.05
-6.3,-5.4,0,8.8,15.6,18.4,21,20.3,14.1,7.1,1.1,-3.7,クルスク - ロシア ,51.82,36.22
-6.6,-6.3,-1.2,7.5,14.1,17.6,19.6,18.5,12.9,6.5,-0.3,-4.9,ポヌイリ - ロシア ,52.37,36.35
18.8,20,21.3,21.3,21.1,20.3,19.4,19.5,20,19.8,18.9,18.2,ジマ - エチオピア ,7.72,36.88
3.9,5.9,10.1,14.5,19.7,25.1,29.1,29.2,24.6,17.9,10.5,5.9,ガジアンテプ - トルコ ,37.13,37.42
20.3,22,22.9,23.5,22.5,20.3,18.9,18.8,19.7,20.3,20.3,20,ゴンダル - エチオピア ,12.6,37.47
-6.5,-4.1,0.1,7.9,15.4,18.7,20,19.4,14,7,0.5,-3.3,リブヌイ - ロシア ,52.48,37.65
-6.9,-6.7,-1.5,6.8,13.7,17,19.6,17.7,11.8,5.8,-0.9,-5.1,トゥーラ - ロシア ,54.28,37.67
-4.4,-4.3,1.6,9.8,16.3,19.9,22.3,21.3,14.9,8,2.1,-2.7,クピャンシク - ウクライナ ,49.68,37.75
-9.3,-8.8,-3.8,3.2,10.3,14.9,17.6,15.3,10.5,3.8,-2.7,-6.6,ベロゼルスク - ロシア ,60.07,37.81
-6.1,-6,-1.3,8.2,14.4,18.9,20.1,18.5,12.9,7,-2,-6.3,スタルイオスコル - ロシア ,51.35,37.93
-3.6,-3.7,2.5,10.1,16.3,20.1,22.5,21.8,15.6,8.6,2.6,-2.6,アルチョモフスク - ウクライナ ,48.65,38.03
-9.2,-8.6,-3.5,3.8,11,15.3,17.7,15.4,10.1,3.8,-2.5,-6.6,チェレポベツ - ロシア ,59.33,38.07
-5,-4.5,1.1,9.6,15.6,19.5,21.5,20.3,14.6,8.1,1.4,-3.4,バルイキ - ロシア ,50.27,38.15
-0.2,0.7,5.7,12.4,18.5,23,25.5,25.1,19.3,12.6,5.8,1.5,プリモルスコアクタルスク - ロシア ,46.08,38.2
-8.5,-8.1,-2.7,5.2,12.5,16.7,19.2,16.9,11.6,5,-1.7,-6.1,ルイビンスク - ロシア ,58.15,38.73
-7.4,-7.2,-1.7,6.8,13.9,17.4,19.9,18,12.3,5.7,-1,-5.3,コロムナ - ロシア ,55.18,38.78
5.8,6.1,8.7,13.1,17.7,21.9,24.9,25.4,21.3,16.2,11.1,7.3,トゥアプセ - ロシア ,44.15,39.12
28.5,28.5,28.4,27.4,26.6,25.9,25.3,25.2,25.7,26.5,27.1,28,ザンジバル - タンザニア ,-6.27,39.27
26.1,25.9,25.5,24.5,23.1,21.5,21,22.2,24.2,26.1,27.3,27,ナンプラ - モザンビーク ,-15.15,39.33
-8.1,-7.8,-2.5,5.4,12.5,16.4,18.8,16.5,10.9,4.8,-1.8,-5.9,ロストフ - ロシア ,57.25,39.47
-7.1,-4.4,-0.4,7.5,15.6,18.1,19.9,19.4,13.8,6.7,0,-4,リペツク - ロシア ,52.75,39.57
27.7,28.1,28.7,27.6,26.2,25.2,24.3,24.3,25.2,26.1,26.9,27.6,モンバサ - ケニア ,-4.06,39.66
-2.9,-1.8,3.5,11.4,17.4,21.8,24.2,23.6,17.6,10.5,3.5,-1.1,ロストフナドヌー - ロシア ,47.32,39.87
5.9,6.3,8.7,12.2,16.8,21.2,23.8,24.4,20.6,16.1,10.9,7.5,アドレル - ロシア ,43.48,39.95
2.6,3.7,7.2,11.9,17.2,21.2,23.8,23.3,19.9,14.6,7.8,4.6,マイコプ - ロシア ,44.67,40.13
-1.1,-0.1,5.2,11.7,17.4,21.6,24.5,24,18.1,11.7,4.7,0.6,ティホレツク - ロシア ,45.9,40.13
-8.4,-7.6,-2.1,6.8,15.1,17.9,20.5,19.3,12.6,6.2,0,-4.2,リャジスク - ロシア ,53.77,40.17
-2.3,-2.1,2.3,9.8,16.4,20.8,23.4,22.3,16.1,9.1,1.8,-2.6,カメンスクシャフティンスキー - ロシア ,48.35,40.35
-8.3,-7.6,-2.2,6.1,13.1,16.7,19.2,17,11.4,4.9,-2,-6.1,ウラジミール - ロシア ,56.17,40.4
-6.3,-3.9,0.8,8.8,16.6,20,21.3,20.4,14.7,7.7,0.8,-3.5,アンナ - ロシア ,51.53,40.47
-7.1,-4.5,-0.5,7.8,16.2,18.7,20.3,19.9,14,6.8,0,-4.1,ミチュリンスク - ロシア ,52.93,40.53
-5.4,-4.9,0.8,9.7,16.3,20.6,22.5,21.3,15.1,8.4,1.3,-3.6,ボグチャル - ロシア ,49.98,40.62
-6,-5.8,0.2,9.4,15.8,19.9,21.9,20.7,14.8,8,1,-4.2,カラチュ - ロシア ,50.47,41.1
2.5,5.8,10,13.8,19.6,26.8,30.9,30.6,25.2,18.5,9.5,4.2,バトマン - トルコ ,37.93,41.17
-0.1,1.1,6.3,12.2,17.3,21.5,24,24,18.8,12.7,6.4,1.5,アルマビル - ロシア ,45.03,41.17
-6.9,-6.5,-1.3,8.1,15.1,18.8,20.9,19.6,13.8,7,-0.5,-5.2,ジェルデフカ - ロシア ,51.88,41.53
-9.6,-8.7,-3.1,4.7,11.7,16.3,18.9,16.1,10.6,4.1,-2.8,-7.2,ブイ - ロシア ,58.53,41.58
7.3,7.6,9.6,12.3,17.4,21.5,23.5,24.2,20.8,16.7,12.4,9.3,バトゥーミ - ジョージア ,41.68,41.65
22.2,24.1,25.9,27.3,28.8,29.5,27.7,26.9,27.1,26.2,23.8,22.2,ディレダワ - エチオピア ,9.65,41.9
-4.8,-4.4,1.5,9.6,16.1,20.8,23.4,22.4,15.7,8.8,1.5,-3.1,モロゾフスク - ロシア ,48.4,41.92
-0.9,0.1,5.2,11.1,16.4,20.8,23.9,23.3,18,12,4.6,1,ネビンノムイスク - ロシア ,44.68,42.02
-1.3,-1.2,4.2,11.2,17.7,21.6,24.7,24.3,18.3,11.8,4.3,0.3,ゴロドビコフスク - ロシア ,46.12,42.02
-6.5,-6.3,-0.4,9.2,16,19.8,22,21,15,7.8,0.5,-4.8,ウリュピンスク - ロシア ,50.85,42.05
-8,-5.4,-1.3,7.4,16,18.7,20.2,19.3,13.4,6.4,-0.6,-5,キルサノフ - ロシア ,52.72,42.77
-1.3,-0.7,4.5,10.9,16.9,21.2,24.1,23.7,17.8,11.6,4.8,0.4,スベトログラード - ロシア ,45.4,42.9
-1.9,-0.9,4.5,10.7,16.2,20.7,23.6,23.2,18,11.4,4.6,-0.4,ミネラリヌイエボドイ - ロシア ,44.28,43.12
-4.1,-4.5,1.4,9.2,16.7,21.4,23.8,22.7,16.5,9,1.7,-2.8,ニジニーチル - ロシア ,48.38,43.17
-2.7,-2.9,2.9,10.3,17.1,21,23.6,22.7,16.6,9.8,2.6,-1.6,コチェリニコボ - ロシア ,47.68,43.2
-8.5,-5.1,-2,6.6,14.9,17.5,19.3,18.2,12.3,5.6,-0.9,-5.2,チェムニコフ - ロシア ,54.68,43.28
-2.4,-1.7,3.9,11.1,17.6,22.7,25.4,24.6,18.3,11.2,4,-0.7,ディブノエ - ロシア ,45.97,43.4
-1.7,-0.1,4.9,10.6,15.9,20.2,23.1,22.9,18,11.8,4.8,0.6,ナリチク - ロシア ,43.58,43.68
-3.3,-2.6,3.4,10.8,17.2,22.3,24.9,24,17.7,10.5,3,-1.6,レモントノエ - ロシア ,46.62,43.72
-6.4,-6.2,0,9.8,16.6,20.9,23.3,22.3,15.7,8.4,0.6,-4.7,フロロボ - ロシア ,49.85,43.72
-8.8,-5.6,-2.7,5.9,14.5,16.8,19,17.4,11.8,5,-1,-5.4,アルザマス - ロシア ,55.42,43.83
27.5,27.7,28.1,27.5,25.7,24.4,23,24.3,25.7,26.4,28.1,28,マインティラヌ - マダガスカル ,-18.1,44.08
-6.2,-6.6,-0.1,8.4,15.7,19.6,21.9,20.5,14,7.3,0.3,-4.6,ダニロフカ - ロシア ,50.42,44.17
28.6,28.3,28.4,27.2,24.9,23,22.6,23.2,25,26.3,28.1,28.6,ムルンダバ - マダガスカル ,-20.33,44.37
-5.5,-6.6,-0.1,9.4,16.1,21,24,22.9,16.3,8.6,1.1,-4.8,ボルゴグラード - ロシア ,48.83,44.42
-6.3,-6.7,-0.3,8.4,15.6,19.5,21.8,20.5,14.1,7.1,0.2,-4.6,ルドニャ - ロシア ,50.88,44.62
-1.5,-1.6,4.1,11.5,16.5,21.5,24.6,23.8,17.8,11.3,3.3,-1.4,モズドク - ロシア ,43.78,44.72
-3.1,-3.1,2.5,10.2,17.4,21.5,23.9,22.9,16.7,10.1,2.4,-1.9,マールイエデルベトイ - ロシア ,47.98,44.75
-8.6,-8.3,-2.6,7.4,15,18.7,20.9,19.3,13.5,6.4,-1.3,-6.8,ペンザ - ロシア ,53.17,45.07
-9.3,-6.4,-3,6.5,15.1,17.7,19.6,18.4,12.4,5.4,-1.5,-6.1,サランスク - ロシア ,54.18,45.3
-7.3,-7.2,-0.5,9.5,17.1,21.2,24.4,23.5,16.4,8,0.7,-5.1,カムイシン - ロシア ,50.13,45.42
-9.1,-5.8,-2.7,6,14.6,17.4,19.5,18.2,12.2,5.1,-1.2,-6.1,セルガチ - ロシア ,55.58,45.55
4.6,5.6,9.6,15,20.1,26,28.7,28.6,24.5,19.1,11.1,6.5,イーラーム - イラン ,33.68,46.48
-9.7,-9.1,-3.2,6.1,14.1,17.3,20.2,18.4,12.2,5.1,-1.6,-7.3,アラトゥイリ - ロシア ,54.87,46.63
-6.9,-6.6,0.8,10.6,18,23.1,25.6,24.4,17.3,9.1,0.7,-5.1,エリトン - ロシア ,49.18,46.9
-7.4,-7.7,-1,9.4,16.8,21.5,24,22.9,16.1,8.3,-0.2,-5.3,パラソフカ - ロシア ,50.1,46.93
22.6,22.3,22.1,20.9,18.5,16.4,15.3,16.4,18.1,20.1,22,22.5,フィアナランツォア - マダガスカル ,-21.5,47.15
-0.1,0.7,5.3,10.9,16.5,21.2,23.7,23.5,18.3,12.3,5.8,1.6,ブイナクスク - ロシア ,42.87,47.17
4.3,5.4,9.5,14.1,21.2,26.3,28.7,27.5,22.9,16.6,9.8,5.5,ゲイチャイ - アゼルバイジャン ,40.7,47.8
13.3,15.6,20.3,26.3,32.9,37.6,39.1,38.5,34.9,28.6,20.6,14.9,クウェート - クウェート ,29.27,48.02
4.3,6.5,10.4,14.8,19.9,26,29.7,29.2,24.4,18.7,10.9,6,ホッラマーバード - イラン ,33.48,48.33
27.7,27.6,28,28,26.8,25.2,24.5,24.9,25.9,27.4,28,27.9,ヌシベ島ファセヌ国際空港 - マダガスカル ,-13.37,48.37
-1.5,0.3,4.4,9.5,13.5,16.7,18.8,18.8,15.6,11.7,5.4,0.2,アルダビール - イラン ,38.27,48.37
-9.5,-9.7,-3.3,6.8,14.3,19,21,19,13,6,-1.9,-7.7,シズラニ - ロシア ,53.23,48.45
-8.7,-8.5,-1.1,9.7,17.3,22.4,24.6,23.2,16.1,8.2,-0.4,-6.7,アレクサンドロフガイ - ロシア ,50.2,48.6
5.1,5.5,8.9,13.1,18.8,23.7,26.1,25.6,21.9,16.8,10.9,6.3,レンコラニ - アゼルバイジャン ,38.78,48.88
26.9,26.8,26.9,26.9,26.2,24.9,24.2,24.4,25,25.9,27.1,27.3,アンツィラナナ - マダガスカル ,-12.4,49.35
27.4,27.5,27.1,26.7,25.4,23.7,22.7,22.7,23.3,24.7,25.7,27,サンババ - マダガスカル ,-14.33,50.22
16.9,17.5,20.9,25.4,30.4,33.5,35.1,35.3,33.6,30,24,19,ハールク島 - イラン ,29.32,50.32
15.4,16.8,20.2,24.9,29.9,32,33.7,34,32.1,28.1,22.2,17.2,ブーシェヘル AIRPORT - イラン ,29.02,50.87
15.5,16.6,20,24.9,29.6,31.5,33.5,34.1,32,28.3,22.4,17.9,ブーシェヘル - イラン ,29,50.9
-1.1,1.8,6,10.8,15.4,20.3,23.7,22.5,18,12.7,6.5,1.3,シャハレコルド - イラン ,32.33,50.9
18.2,19.3,22.5,27.4,33,35.7,36.4,35.9,33.9,30.6,25.4,20.5,ドーハ - カタール ,25.3,51.62
6.8,10.2,15.5,20.9,26.5,31.6,33.7,31.5,27.6,21.1,13.1,8.3,ヤズド - イラン ,31.95,54.33
19.9,21.1,23.6,27.8,31.9,34,35.8,36,33.7,30.4,25.9,21.9,ドゥバイ - アラブ首長国連邦 ,25.3,55.38
18.5,19.9,22.7,26.9,31.4,33.8,35.5,35.3,32.6,29.1,24.3,20.4,シャルジャ国際空港 - アラブ首長国連邦 ,25.38,55.57
3.6,4.6,10.5,17.2,24.1,29.5,32.1,30.9,25.1,17.1,8.9,4.1,カザンジク - トルクメニスタン ,39.3,55.57
18.5,20.8,24.2,29.2,33.7,36,37.2,37.2,34.4,30.4,24.8,20.4,アイン - アラブ首長国連邦 ,24.32,55.65
17.8,19.7,22.8,27.2,31.5,33.7,34.5,34,32.4,29.3,24.1,19.5,バンダレアッバース国際空港 - イラン ,27.27,56.42
1.1,3.1,7.9,12.9,18.5,23.7,26.4,24.9,20.8,14.2,7.2,2.6,ボジヌールド - イラン ,37.52,57.38
3.8,5.6,11.3,17.8,24.6,30.1,32.2,30.8,24.9,17.4,9.6,4.8,バハルデン - トルクメニスタン ,38.48,57.47
-4.3,-2.2,5.3,14.3,21.5,26.5,28.2,25.9,19,11.3,2.8,-2.7,クングラード - ウズベキスタン ,43.13,58.98
-3.7,-1.4,6.4,15,22.1,27.1,28.9,26.7,19.9,12,3.6,-2,ヌクス - ウズベキスタン ,42.53,59.67
6.6,10,15.5,21.7,27.4,31.7,32.8,31.2,26.9,20.8,13.8,8.4,ネフバンダーン - イラン ,31.58,60.08
15,17.8,22.3,28.5,34.2,37.8,38,36.7,33.5,28.3,21.5,16.5,イラーンシャハル - イラン ,27.25,60.75
5,7.5,13.5,18.7,25.5,30,31.3,29.3,24.9,17.7,10.4,6.2,ヘラート - アフガニスタン ,34.27,62.27
4.3,5.7,10.9,16.6,22.5,27,28.7,26.6,21.6,15.5,9.7,5.6,クシュギー - トルクメニスタン ,35.33,62.4
3.5,5.8,11.8,18.7,25.3,30.2,32.2,30,23.5,16.1,8.8,4.4,ウチアジ - トルクメニスタン ,38.13,62.85
2.2,4.8,10,17.4,22.8,28.3,29.7,27.8,21.8,15.1,8.6,3.4,カラクリ - ウズベキスタン ,39.55,63.9
5.2,6.9,12.7,19.2,25,29.3,30.7,28.6,23.2,16.8,10.1,5.6,ケルキ - トルクメニスタン ,37.88,65.25
1.2,2.8,8.9,15.3,21.1,26,27.9,26,20.1,13.3,6.8,2.3,ヌラタ - ウズベキスタン ,40.6,65.73
7,9.8,16.4,22.3,27.9,31.9,33.7,31.5,26.4,20.2,13.5,8.2,カンダハール - アフガニスタン ,31.55,65.9
4.8,6,9.6,17,21.7,28.2,30.1,28.4,23.1,16.6,10.8,6.6,グザル - ウズベキスタン ,38.67,66.32
3,5.4,10,15,19.4,23.1,24.8,23.4,18.9,13.3,8.7,4.5,カラート - パキスタン ,29.08,66.63
6,8.2,12.7,19.5,24.9,30.1,31.3,29.5,24.8,19.1,12.8,7.6,シェラバード - ウズベキスタン ,37.72,67.07
-0.2,1.8,8.7,15.6,22,27.1,29.3,27.4,21.5,14.3,6.6,1,シャルダラ - カザフスタン ,41.42,68.05
0.2,2.4,9.1,14.7,19.6,24.6,26.8,26,22,15.7,8.5,3.5,カブール - アフガニスタン ,34.6,69.27
4.7,5.8,12.8,17.2,22.3,27.9,30.9,28.8,24.1,17,9.5,5.2,ダンガラ - タジキスタン ,38.12,69.33
0.5,3.3,9.6,16.6,22.2,26.9,28.9,26.7,21.4,14.4,7.1,2.2,フジャンド - タジキスタン ,40.27,69.78
-2.6,-1.2,4.1,10.6,14.8,19,22.1,21.8,17.2,10.6,4.4,-0.7,プスケム川 - ウズベキスタン ,41.95,70.42
20.6,23.4,27.7,31.2,33.2,31.9,28.9,28,28.6,29.3,26,22.3,ラージコート - インド ,22.35,70.83
16.4,20.5,26.3,31.1,34.8,34.5,32.7,31.3,31.1,29.4,23.9,18.4,ジャイサルメル - インド ,26.95,70.97
22.6,24.7,28,30.3,31.4,30.3,28.7,28.1,28.6,29,26.8,23.7,スーラト - インド ,21.25,72.88
24.6,25.3,27.6,28.8,30.2,29.3,27.9,27.8,27.9,29,28,25.8,ムンバイ/SANTACRUZ - インド ,19.17,72.9
25,25.5,26.9,28.5,29.5,27.6,26.6,26.5,26.5,27.7,27.5,26.1,ラトナーギリ - インド ,17.03,73.38
3.7,5.4,4.9,3.9,2.8,1.4,1,0.8,1.1,1.8,3.1,3,ハード島 - オーストラリア ,-53.07,73.44
4.5,4.8,4.7,3.5,2.1,0.9,0.7,0.4,0.4,1.5,2.3,3.7,ハード島基地 - オーストラリア ,-53.16,73.77
12.3,16.4,21.9,28.5,33.3,34.4,33.2,31.9,30.3,26.2,19.5,14,ガンガーナガル - インド ,29.97,73.93
-7.5,-3.8,4.4,11.8,17.2,22.2,24.1,22.7,17.8,10.4,3.3,-5.3,オタル - カザフスタン ,43.58,75.3
-1.8,0.5,6.9,13.2,17.8,22.4,24.7,23.5,18,11.6,4.9,0,トクモク - キルギス ,42.88,75.33
21,23.8,27.9,31.5,32.7,28.8,26,25.3,25.8,25.6,23.3,20.9,アウランガーバード/CHIKALTHA - インド ,19.9,75.45
23.2,25.5,28.4,29.6,28.9,25.7,24.6,24.3,24.8,25.2,24.1,22.5,ガダグ - インド ,15.47,75.68
13.3,17.2,22.9,29.2,33.7,34,32.3,31.2,30.1,26.6,20.5,15.2,ヒサール - インド ,29.22,75.78
24,26.5,30,32.7,32.9,29.1,27.3,26.9,27,26.8,25.4,23.5,ショラープル - インド ,17.72,75.95
23.2,25.6,28.4,29.5,28.3,25.6,24.3,24,24.6,24.7,23.5,22.5,チトラドゥルガ - インド ,14.28,76.48
12.1,15.9,21,27,31.7,31.9,30.3,29.2,28.1,24.7,19.4,14,パティアーラ - インド ,30.38,76.52
13.3,17.6,23.4,29.8,33.6,33.5,31.2,30.2,29.8,26.6,20.7,14.8,ニューデリー／パーラム - インド ,28.62,77.17
-5,0.8,9.5,16.7,20.8,24.4,25.8,24.3,19.9,12.8,4.8,-2.6,ヤルカンド（莎車）〔シンチアン（新疆）ウイグル自治区〕 - 中華人民共和国 ,38.48,77.32
16.5,20.1,25.4,30.7,34.3,32.2,27.9,26.5,27.5,26.2,22,18.1,グーナ - インド ,24.7,77.37
17.6,21,26,30.8,34,31,26.9,25.7,26.6,25.8,22.3,18.7,ボパール/BAIRAGARH - インド ,23.33,77.4
24.5,27,30.5,32.9,32.7,30.2,28.9,28.3,28,27.3,25.4,23.8,アナンタプル - インド ,14.63,77.68
12.7,15.6,20.1,25.2,28.4,28.6,26.9,26.5,25.5,22.8,18.4,14.4,デラドゥーン - インド ,30.37,78.08
25,27.7,31.2,33.6,34,30.6,28.9,28.2,28.2,27.8,26.1,24.3,クルヌール - インド ,15.85,78.12
14.3,18.6,24.5,30,34.4,34.1,30.6,29.2,28.9,26.2,21,15.7,グワリオル - インド ,26.28,78.3
-5.8,0.4,9.4,17.2,21.7,25.2,26.7,25.4,20.8,13.3,4.3,-3.4,パーチュー（巴楚）〔シンチアン（新疆）ウイグル自治区〕 - 中華人民共和国 ,39.85,78.62
25.6,27.2,29.7,31.8,32,31.5,31.1,30.5,29.9,28.3,26.6,25.4,ティルチラーパリ - インド ,10.82,78.77
14.1,18.2,23.8,29.6,32.3,32.2,29.9,29.7,29,25.9,20.8,16.3,バレイリー - インド ,28.42,79.45
25.2,26.3,28.1,30.2,31.4,31.2,30.4,29.8,29.3,28,26.5,25.4,カッダロール - インド ,11.82,79.82
25.9,26.8,28.6,30.6,31.9,31.4,31.4,30.2,29.8,28.8,27,26.2,カリカル - インド ,10.97,79.88
17.1,20.7,25.9,31,34.6,31.8,27.4,26.6,27.3,25.9,21.9,18,ジャバルプル - インド ,23.25,80
25.5,27.2,29.5,32,33.8,32.7,31.3,30.6,30.4,29.1,27,25.4,ネロール - インド ,14.5,80.03
16.2,19.9,25.4,30.8,34.4,32.9,28.8,28,28.2,26.2,21.8,17.4,サトナ - インド ,24.62,80.88
14,18.4,23.8,29.8,32.6,32.5,30,29.5,28.9,26,20.9,15.9,ラクナウ - インド ,26.8,80.93
20.8,23.8,28.5,32.1,35.1,32,27.8,27.2,27.9,26.9,23.7,21,ライプル - インド ,21.27,81.72
24.8,26.4,28.8,30.7,32.3,31.1,29.3,28.9,28.9,28.4,26.7,24.8,カキナダ - インド ,17,82.28
14.8,19.1,24.2,29.5,31.4,31.4,29.6,29.4,28.9,26.5,21.6,16.6,ゴラクプル - インド ,26.8,83.42
16.9,20.4,25.4,30.7,33.8,33.1,29.4,28.7,28.3,26.6,22.2,18.1,ダルトンガンジ - インド ,24.1,84.12
20.1,23.4,28,31.1,34.1,31.1,28.1,27.8,28.2,26.9,23.6,20.3,ジャルスグダ - インド ,21.97,84.13
15.5,19.4,24.9,30.5,33.2,32.3,29.5,29.2,28.8,26.1,21.6,16.8,ガヤ - インド ,24.8,85
10.8,13.6,17.2,20.5,22.6,24.2,24.3,24.4,23.4,20.3,15.9,11.9,カトマンズ - ネパール ,27.75,85.42
13.4,15.1,19,21.4,23,24.4,24.4,24.8,23.8,21.3,17.7,14.5,ダンクタ - ネパール ,27.03,87.4
-8.1,-1.3,7.7,16.2,21.6,26.1,27.8,26.4,20.5,11.7,2.6,-5.9,ティカンリク（鉄千里克）〔シンチアン（新疆）ウイグル自治区〕 - 中華人民共和国 ,40.68,87.75
18.8,22.9,27.4,30.1,30.6,30.3,29.5,29.3,29.3,27.9,24.3,20.1,コルカタ/ドゥムドゥム国際空港 - インド ,22.7,88.5
-2.4,0.3,4.5,8.3,12.2,15.6,15.1,14.4,13.1,7.9,1.8,-1.8,シガツェ（日喀則）〔チベット自治区〕 - 中華人民共和国 ,29.3,88.93
-6.3,1.7,11.9,20.9,26.8,31.7,33.4,31.6,25.4,15.6,5.2,-4,トゥルファン（吐魯番）〔シンチアン（新疆）ウイグル自治区〕 - 中華人民共和国 ,42.98,89.25
17.5,21.1,25.6,27.9,28.2,28.4,28.3,28.6,28.1,27,23.4,19.1,アガルタラ - インド ,23.93,91.3
17.3,20,23.3,25,26.7,28.3,28.6,29,28.3,26.2,22.4,18.7,テズプル - インド ,26.67,92.83
17.1,19.2,22.2,24.2,26.3,28.2,28.3,29,28,26.2,22.2,18.3,ノースラキンプル - インド ,27.28,94.17
-7.1,-2.8,2.5,8.3,12.8,16.8,19.1,18.4,13.8,6.6,-0.6,-6.3,ゴルムド（格爾木）〔チンハイ（青海）省〕 - 中華人民共和国 ,36.47,94.95
-5.2,-2.8,0.6,4.4,8.5,11.9,13.4,13.1,10.7,5.2,-0.3,-4.1,デンチェン（丁青）〔チベット自治区〕 - 中華人民共和国 ,31.47,95.65
26.9,27,27.3,27.2,27.5,27.2,26.4,26.5,26.5,26.4,26.4,26.6,ムラボー - インドネシア ,4.3,96.17
-9.2,-4.2,3.1,10.7,16,20.5,22.5,21,15.6,8.4,0.3,-7.2,ユーメン（玉門鎮）〔カンスー(甘粛）省〕 - 中華人民共和国 ,40.32,97.08
21.6,23.6,27,30,29.3,27.6,26.9,26.9,27.4,27.1,24.8,22.2,メサラン - タイ ,18.22,97.98
28.6,29.3,29.6,29.8,29.2,28.9,28.4,28.4,27.9,27.7,28.1,28.1,プーケット - タイ ,7.93,98.45
23.7,25.6,28.1,30,28.9,27.2,26.5,26.5,27.3,27,25.8,23.8,メソト - タイ ,16.75,98.59
25,27.5,30.5,31.9,30.3,29.1,28.5,28.2,28.2,27.3,26.1,24.2,ターク - タイ ,16.93,99.19
26.3,27.1,28.1,29.1,28.7,28.2,27.8,27.7,27.6,27.1,26.6,26,スラタニー - タイ ,9.18,99.2
23.3,25.7,28.7,30.7,29.6,29,28.4,27.9,27.7,26.9,25.2,22.9,ランパン空港 - タイ ,18.33,99.56
26.5,28.6,30.2,31.3,30.4,29.4,29.1,28.6,28.4,27.6,26.9,25.8,カンチャナブリー - タイ ,14.07,99.59
27.5,28.3,29.1,29.3,28.7,28.2,27.9,27.8,27.5,27.4,27.2,26.9,トラン - タイ ,7.57,99.67
15.4,17.2,19.9,22.7,24.3,24.8,24.3,24.6,24.1,22.4,19.1,16.2,ランツァン（瀾滄）〔ユンナン（雲南）省〕 - 中華人民共和国 ,22.62,99.98
26.3,26.8,27.7,28.7,29.1,28.9,28.6,28.5,28.1,27.4,26.6,26.2,ナコンシタマラート - タイ ,8.59,99.99
26.6,27.6,28.8,29.9,30.1,29.6,29.2,29.2,28.6,28,27.8,26.7,ホアヒン - タイ ,12.63,100
-2.2,0.6,4,7.5,11.5,14.1,15.3,15,13,8.1,2.4,-1.8,ガルツェ（甘孜）〔スーチョワン（四川）省〕 - 中華人民共和国 ,31.67,100.05
26.8,27.3,28.1,29,29.2,28.9,28.5,28.6,28.2,27.4,27,26.7,サムイ島 - タイ ,9.5,100.09
24.7,26.7,29.2,31,30.2,29.4,28.8,28.3,28.4,28.1,26.6,24.6,ウタラディト - タイ ,17.67,100.15
26.4,28.2,29.8,31.3,30.7,29.9,29.3,29.1,28.8,28.4,27.5,25.9,スパンブリー - タイ ,14.52,100.19
12.7,14.8,17.9,20.1,21.9,22.9,22.6,22.7,21.8,19.8,16.1,13.3,リンツァン（臨滄）〔ユンナン（雲南）省〕 - 中華人民共和国 ,24,100.27
-3.6,-1.7,1.3,4.8,8.9,11.8,12.1,11.9,10.4,6.4,0.9,-2.7,リータン（理塘）〔スーチョワン（四川）省〕 - 中華人民共和国 ,30.05,100.32
26.9,28.6,30,30.9,30.2,29.5,28.9,28.7,28.3,28.2,27.8,26.5,ロプブリー - タイ ,14.85,100.68
-9,-4.8,0.2,5.3,9,12.3,14.5,14.2,10.2,4.3,-2.6,-8,グイナン（貴南）〔チンハイ（青海）省〕 - 中華人民共和国 ,35.63,100.8
22.8,24.8,27.5,29.9,29.5,29.1,28.4,27.9,28.1,27.3,25,22.6,ナン - タイ ,18.82,100.81
27.4,28.5,29.6,30.5,30.3,29.8,29.3,29.1,28.7,28.4,28.4,27.3,チョンブリー - タイ ,13.4,101.03
26.5,27.6,28.8,29.9,29.9,29.6,29.1,29,28.5,27.8,27.6,26.7,サタヒップ - タイ ,12.74,101.04
25,26.9,29.1,30.4,29.4,28.9,28.2,27.6,27.7,27.5,26.4,24.6,ペチャブーン - タイ ,16.48,101.2
27.3,28.9,30.3,30.8,30.3,29.4,28.8,28.6,28.6,28.8,28.3,26.9,プラチンブリー - タイ ,14.1,101.42
10.4,12.7,16.2,19.2,21.3,22.5,21.9,21.6,20.3,17.9,14,10.7,チューシュン（楚雄）〔ユンナン（雲南）省〕 - 中華人民共和国 ,25.07,101.57
22.7,24.8,27.5,29.1,28.5,28.6,28.1,27.6,27.2,26.3,24.6,22.4,ローイ空港 - タイ ,17.5,101.78
1.5,4.8,8,11.2,14.2,16.5,18.1,17.9,15.5,11,6,1.6,バルカム（馬爾康）〔スーチョワン（四川）省〕 - 中華人民共和国 ,31.95,102.28
8.6,10.9,14.4,17.6,20.6,22,21.8,21.6,19.8,17.1,12.7,9.1,ホイリー（会理）〔スーチョワン（四川）省〕 - 中華人民共和国 ,26.7,102.3
-7.7,-4.4,0.4,5.1,8.6,11.9,14.1,13.7,10.2,5,-0.9,-6.1,ホーツオ（合作）〔カンスー(甘粛）省〕 - 中華人民共和国 ,35.05,102.95
24.7,26.8,29.1,30.1,29.4,28.7,28.2,27.9,27.5,27,26,24.3,スリン - タイ ,14.92,103.55
-1.9,0.9,4.4,8,11.1,14,16,15.8,13.1,8.3,3.4,-0.9,松藩 - 中華人民共和国 ,32.72,103.65
24,26,28.7,30.1,29.6,29.3,28.6,28.2,27.9,27.2,25.7,23.8,ロイエト - タイ ,16.1,103.71
22.9,25,27.9,29.7,29.3,28.9,28.4,28,27.8,27,25.2,22.8,サコンナコン - タイ ,17.21,104.18
26.8,26.9,27.2,27.3,27.5,27.5,27.2,27.3,27.3,27.2,26.6,26.6,タンジュンピナン - インドネシア ,0.97,104.58
23.5,25.8,28.7,30.1,29.8,29.1,28.4,28,28,27.2,25.6,23.4,ムクダーン - タイ ,16.58,104.77
23,25,27.9,29.5,29.2,28.5,27.8,27.5,27.7,27.1,25.4,22.9,ナコンパノム - タイ ,17.47,104.83
4.2,7.4,12,17.3,20.9,24,26.1,25.5,20.9,15.8,10.7,5.2,ウートゥー（武都）〔カンスー(甘粛）省〕 - 中華人民共和国 ,33.45,104.97
7.3,9.9,13.8,18.2,20.7,22.1,23,22.6,20.5,16.9,13.4,8.7,興仁（シンレン）〔コイチョウ（貴州）省〕 - 中華人民共和国 ,25.48,105.23
3.7,6.3,10.4,15.2,18.2,20.5,22.5,22.2,19.3,14.6,10.5,5.3,ピーチエ（畢節）〔コイチョウ（貴州）省〕 - 中華人民共和国 ,27.35,105.28
-1,2.8,8.9,14.5,18.2,21.9,24,23.2,17.9,12.3,5.9,0,ペイタオ（北道）〔カンスー（甘粛）省〕 - 中華人民共和国 ,34.62,105.92
7.2,9.4,14.3,19.4,22.3,25.3,28.3,28.7,23,18.2,13.5,8.3,ナンチョン（南充）〔スーチョワン（四川）省〕 - 中華人民共和国 ,30.85,106.13
26.8,27.8,29.2,30,29.7,28.5,28.1,28.1,27.7,27.5,27.5,26.8,ホーチミン - ベトナム ,10.87,106.72
14.8,16.9,19.8,24.4,27.6,29,29.1,28.7,27.5,24.6,20.7,16.4,ロンチョウ（竜州）〔コワンシー（広西）チワン族自治区〕 - 中華人民共和国 ,22.42,106.8
-6.9,-2.6,4.2,11.2,16.7,21.3,23.4,21.5,16.2,9.5,2.1,-5,イエンチー（塩池）〔ニンシア（寧夏）ホイ族自治区〕 - 中華人民共和国 ,37.85,107.43
-8.8,-4.4,2.5,10,16.1,20.9,23.1,21.2,15.6,8.4,0.2,-6.9,鄂托克旗 - 中華人民共和国 ,39.15,108.03
11.4,13.6,16.8,21.9,25.5,27.6,28.7,28.7,26.8,22.9,18.4,13.5,ホーチー（河池） - 中華人民共和国 ,24.75,108.08
4.7,7.1,11.3,16.5,20.2,23.6,26.2,25.8,21.3,16.1,11.1,6.2,万源〔スーチョワン（四川）省〕 - 中華人民共和国 ,32.12,108.08
20,21,23.6,27,29.2,30.1,29.6,29.1,28.3,26.8,24.4,21.2,トンファン（東方）〔ハイナン（海南）省〕 - 中華人民共和国 ,19.15,108.67
14.5,16.3,19,23.8,27.3,28.8,29.1,29.1,28.2,25.4,21.3,16.7,チンチョウ（欽州）〔コワンシー（広西）チワン族自治区〕 - 中華人民共和国 ,22,108.67
5.8,8,12.2,17.7,21.5,24.8,27.5,27.5,23.4,17.8,12.7,7.4,エンシー（恩施）〔フーペイ（湖北）省〕 - 中華人民共和国 ,30.33,109.52
13.5,15.3,17.8,22.8,26.5,28.4,29.4,29.5,28,24.9,20.4,15.5,コイピン（桂平） - 中華人民共和国 ,23.45,110.13
8.7,11.1,14.3,20,24.1,26.9,28.8,28.8,26.5,22,16.7,11.2,コイリン（桂林）〔コワンシー（広西）チワン族自治区〕 - 中華人民共和国 ,25.38,110.35
19.6,21,23.8,26.7,28.7,29.6,29.5,29.1,28.1,26.2,23.8,20.6,チュンハイ（瓊海）〔ハイナン（海南）省〕 - 中華人民共和国 ,19.28,110.52
12.9,14.8,17.6,22.4,26,28,29,28.8,27.4,24,19.4,14.6,ウーチョウ（梧州） - 中華人民共和国 ,23.53,111.35
6.7,9.3,13.1,19.2,23.5,26.8,29.5,28.7,25.1,20,14.5,9,零陵 - 中華人民共和国 ,26.28,111.67
-3.1,0.9,7.2,13.8,19,23.1,25,23.1,18.1,12,4.8,-1.3,チエシウ（介休）〔シャンシー(山西）省〕 - 中華人民共和国 ,37.08,111.97
-5.7,-1.3,5.3,12.8,18.8,22.6,24.3,22.7,17.5,10.9,2.6,-4.1,ユワンピン（原平）〔シャンシー(山西）省〕 - 中華人民共和国 ,38.8,112.75
5.1,7.9,11.7,18.1,22.9,26.5,29.9,28.8,24.4,19.1,13.3,7.6,チャンシー（長沙）〔フーナン（湖南）省〕 - 中華人民共和国 ,28.25,113.13
27.8,28.5,27.7,24.7,21,17.9,16.7,17.6,19.4,21.9,24,26.1,シャーク湾　AIRPORT - オーストラリア ,-25.94,113.63
3,5.9,11.1,17.3,22.1,25.7,28.1,27,22.5,17.3,11.1,5.3,シンヤン（信陽）〔ホーナン（河南）省〕 - 中華人民共和国 ,32.18,114.1
13.7,15.5,18.3,22.6,26,28,29.3,29.1,27.8,24.6,20.2,15.2,ホーユワン（河源）〔コワントン（広東）省〕 - 中華人民共和国 ,23.85,114.78
7.4,10.1,13.7,19.9,24.3,27.3,30.4,29.7,26.2,21.1,15.3,9.5,チーアン（吉安）〔チアンシー省〕 - 中華人民共和国 ,27.17,115.02
21.2,21.6,20.7,18.7,16.6,15,13.9,13.9,14.4,15.8,17.8,19.6,ナチュラリスト岬 - オーストラリア ,-33.59,115.07
29.5,29.7,30.2,28.5,25,22,21.2,21.7,23.1,25,26.4,28,セブナード島 - オーストラリア ,-21.51,115.07
23.5,24.4,23.2,20.6,17.9,15.7,14.7,14.8,15.7,17.5,20,22.3,ジュリアン湾 - オーストラリア ,-30.36,115.08
31,31,30.9,28.6,24.2,20.9,20.2,21.4,23.4,26.4,27.6,29.7,オンズロー AIRPORT - オーストラリア ,-21.72,115.16
23.4,24,22.8,20.3,17.8,15.6,14.7,14.8,15.6,17.5,19.9,22.1,ランセリン - オーストラリア ,-31.07,115.38
15.9,16.6,19,22.5,25.7,27.8,28.6,28.6,27.9,25.4,21.8,17.7,シャンウェイ（汕尾）〔コワントン（広東）省〕 - 中華人民共和国 ,22.83,115.42
22.2,22.4,20.7,17.5,14.7,12.8,11.9,12.3,13.1,15.1,17.8,20.3,バッセルトン - オーストラリア ,-33.74,115.45
29.5,30,30.1,28.1,24.4,21.6,20.7,21.5,23.4,25.6,26.8,28.4,バロー島 AIRPORT - オーストラリア ,-20.93,115.46
-6.1,-2.1,4.8,12.8,19.2,23.4,25.3,23.8,18.6,11.2,2.4,-4.4,ホワイライ（懐来）〔ホーペイ（河北）省〕 - 中華人民共和国 ,40.47,115.55
0.2,3.8,9.8,15.4,20.9,26,27.5,26.1,21.7,16.1,8.5,2.1,ティンタオ（定陶）〔シャントン（山東）省〕 - 中華人民共和国 ,35.13,115.57
25.8,26.2,24.2,20.5,16.9,13.9,12.4,12.8,13.9,17.4,20.9,23.9,バッジンガラ - オーストラリア ,-30.39,115.59
22.5,23,21,18,15.1,13.3,12.2,12.6,13.5,15.4,18.3,20.5,バンバリー - オーストラリア ,-33.41,115.69
23.1,23.8,22.6,20,17.6,15.7,14.6,14.7,15.5,17.4,19.8,21.5,ガーデン島 - オーストラリア ,-32.29,115.73
24.1,24.6,23,20,17.2,15.2,14.1,14.5,15.5,17.8,20.2,22.2,マンドゥラー - オーストラリア ,-32.57,115.76
24,24.5,22.7,19.6,16.5,14.3,13.3,13.7,14.6,16.6,19.8,22,メディナ RESEARCH CENTRE - オーストラリア ,-32.27,115.86
23,23.2,21.3,17.9,14.8,12.4,11.6,12.2,13.3,15.5,18.4,20.9,ドニーブルック - オーストラリア ,-33.62,115.87
24.8,25.1,23.1,19.4,15.8,13.4,12.2,12.9,14.1,16.9,20,22.5,ジンジン - オーストラリア ,-31.51,115.91
30.9,31,28,23.9,18.5,14.8,13.9,15.2,18.1,22.2,25.5,29.1,マーチソン - オーストラリア ,-26.95,116.01
25.9,25.7,23.9,20.5,17.4,14.6,13.6,14.2,15.4,17.8,21,23.2,ゴスネルズ - オーストラリア ,-32.1,116.03
28.6,28.7,25.9,21.7,17.1,13.9,12.5,13.5,15.6,19.8,23.3,26.6,モラワ AIRPORT - オーストラリア ,-29.25,116.08
21.4,21.6,19.7,16.4,13.1,11,10.3,10.8,11.8,14,16.8,19.3,ブリッジタウン - オーストラリア ,-34,116.18
22.9,23.2,21.4,18.1,14.7,12.2,11.2,11.8,13,15.5,18.4,20.9,カラマンダ - オーストラリア ,-32.06,116.19
22.2,22.3,20.2,16.4,13,10.9,10.2,10.9,12.1,14.7,17.6,20.1,コリー EAST - オーストラリア ,-33.41,116.22
3.4,6.1,10.9,17.1,22,25.4,28.5,27.4,23,17.4,11.2,5.5,フオシャン（霍山）〔アンホイ（安徽）省〕 - 中華人民共和国 ,31.45,116.38
-2.1,1.7,8.6,15.5,21.5,26.3,27.8,26.3,22,15.2,6.6,-0.1,ポートウ（泊頭） - 中華人民共和国 ,38.13,116.6
6.9,9.6,13.3,19.3,23.7,26.7,29.8,29.2,25.7,20.5,14.7,8.9,ナンチョン（南城）〔チアンシー（江西）省〕 - 中華人民共和国 ,27.63,116.7
26.7,26.6,24.1,20.2,15.8,12.9,11.7,12.2,14.1,18.3,21.6,24.6,ダルワリニュ - オーストラリア ,-30.33,116.72
25.3,25.1,22.6,18.8,14.4,11.8,10.6,11.1,12.6,16.2,20.2,23.4,ヨーク - オーストラリア ,-31.95,116.81
31.5,31.4,31.2,28.7,24.2,21,20.3,21.4,24.1,27.5,29.1,30.8,カラサ AERODROME - オーストラリア ,-20.76,116.82
-0.1,3.2,8.9,15.2,20.7,25.6,27.5,26.3,21.8,15.6,7.9,1.6,イエンチョウ〔シャントン（山東）省〕 - 中華人民共和国 ,35.62,116.9
25.5,25.3,22.9,19.1,14.8,12.1,11.2,11.6,13.2,16.7,20.6,23.5,ベバリー - オーストラリア ,-32.16,116.98
23.9,23.8,21.7,18.4,14.4,11.6,10.5,11.1,12.5,15.9,19.5,22.2,ピンゲリー - オーストラリア ,-32.58,117.13
32.6,32.4,31.8,29,24.3,20.8,20.2,21.4,24.5,28.7,30.6,32.2,ダンピア - オーストラリア ,-20.81,117.21
-2.6,0.8,7.6,15.3,21.3,25.5,27.5,26.5,21.9,14.5,5.8,-0.7,ティエンチン（天津） - 中華人民共和国 ,39.15,117.22
6.6,9.2,13,18.8,23.3,26.3,29.7,29.4,26,20.7,14.5,8.7,チントーチェン（景徳鎮）〔チアンシー（江西）省〕 - 中華人民共和国 ,29.35,117.25
23,22.8,20.7,17.5,13.9,11.6,10.6,11.1,12.4,15.3,18.7,21.3,ワギン POST OFFICE - オーストラリア ,-33.36,117.39
11.1,13.2,16.2,21.1,24.6,27.2,29.3,28.8,26.5,22.2,17.4,12.3,ヨンアン（永安）〔フーチエン（福建）省〕 - 中華人民共和国 ,26.02,117.4
-1.8,1.7,8,14.8,20.7,25.4,27.3,26,21.6,14.9,6.8,0.1,ホイミン（恵民）〔シャントン（山東）省〕 - 中華人民共和国 ,37.55,117.58
21.9,21.9,20,17.2,13.8,11.5,10.4,10.7,11.9,14.9,18,20.3,カタニング - オーストラリア ,-33.74,117.66
25.5,25.1,22.7,19.1,14.9,12.3,11.3,11.5,13.3,16.4,20,23.6,ケラーベリン - オーストラリア ,-31.67,117.77
30.8,30.2,26.8,22.7,17.6,14.2,13.1,14.7,17.7,22.3,25.6,28.6,マウントマグネット - オーストラリア ,-28.17,117.89
-8,-3.7,3.7,12,18.4,22.6,24.8,23.5,17.8,10,0.7,-6.6,チョントー（承徳）〔ホーペイ（河北）省〕 - 中華人民共和国 ,41.02,117.97
26.3,25.9,23.4,19.6,15.2,12.3,11.2,11.9,13.9,18,21.5,24.3,メレディン - オーストラリア ,-31.53,118.33
23.3,23.1,21.3,18.2,14.2,11.7,10.6,11.2,12.9,16.3,19.5,21.7,レークグレース - オーストラリア ,-33.15,118.51
22.6,22.4,20.4,17.2,13.3,11,9.8,10.3,12,15.4,18.8,20.7,ニューディゲートRES.STATION - オーストラリア ,-33.16,118.89
24.9,24.7,22.3,18.6,14.5,11.7,10.7,11.4,13.5,17.2,20.5,23,ハイデン - オーストラリア ,-32.49,118.95
-3.7,-0.6,5.6,13,19.1,23.3,26.1,25.6,21.1,13.7,5.1,-1.5,ローティン（楽亭）〔ホーペイ（河北）省〕 - 中華人民共和国 ,39.48,118.95
-1.6,1.4,7.2,13.9,19.7,24.4,27,26,21.5,15.2,7.3,0.7,ウェイファン〔シャントン（山東）省〕 - 中華人民共和国 ,36.82,119.23
26.3,25.8,22.9,19,14.3,11.3,10.2,11.2,13.7,18.2,21.7,24.4,サザンクロス AIRFIELD - オーストラリア ,-31.29,119.41
30.3,29.3,25.7,21.6,16.4,13.1,12.1,14.1,17.3,22.2,25.3,28.2,サンドストーン - オーストラリア ,-28.55,119.79
33.8,33,31.9,29.4,24.1,20.6,20.1,21.7,25.7,30.4,32.3,34.1,マーブルバー - オーストラリア ,-21.23,119.8
20.2,20.5,19.7,18.2,16,14,13,13.4,14.4,15.9,17.8,18.8,レーブンズソープ／ホープタウン - オーストラリア ,-33.98,120.18
5.4,7.5,11.6,17.4,22.4,25.4,29.7,29.3,25,19.6,13.8,7.7,ハンチョウ（抗州）〔チョーチアン（浙江）省〕 - 中華人民共和国 ,30.28,120.22
26.9,27.6,28.6,29.7,29.6,28.6,27.9,27.2,27.5,27.7,27.8,27.2,スービック湾 - フィリピン ,14.84,120.32
2.8,4.9,9.1,14.8,20.4,24.3,27.9,27.5,23.3,17.8,11.6,5.1,東台（トンタイ）〔チアンスー（江蘇）省〕 - 中華人民共和国 ,32.9,120.33
-8.1,-3.7,3.7,12.4,19.3,23.3,25.7,24.3,19.1,11.1,1.5,-5.9,チャオヤン（朝陽）〔リャオニン（遼寧）省〕 - 中華人民共和国 ,41.6,120.5
9.2,10.2,13,17.6,22.2,25.7,29.2,28.9,26.2,21.8,17,11.6,ロイアン（瑞安）〔チョーチアン（浙江）省〕 - 中華人民共和国 ,27.83,120.7
27.1,27.7,29.1,30.5,30.5,29.6,29,28.6,28.6,28.7,28.6,27.6,サングレーポイント海軍航空基地 - フィリピン ,14.54,120.95
26.4,26.9,28.2,29.7,29.8,29.1,28,27.7,27.8,27.9,27.7,26.8,ニノイ・アキノ国際空港 - フィリピン ,14.56,121.05
-6.6,-2.7,3.8,11.8,18.5,22.6,25.5,24.9,20,12.3,2.7,-4.4,チンチョウ（錦州）〔リャオニン（遼寧）省〕 - 中華人民共和国 ,41.18,121.17
24.3,23.8,21.4,18.2,13.9,11.4,10.6,11.9,14.4,17.8,20.5,22.7,ノースマン AERODROME - オーストラリア ,-32.27,121.8
21.6,22.2,23.4,25.3,27,28.3,28.2,27.7,27.3,26,24.6,22.6,イトバヤト - フィリピン ,20.85,121.9
6.6,7.7,10.7,15.5,20.1,23.9,27.9,28.3,24.9,20.1,15.1,9.3,チョウシャン（定海）〔チョーチアン（浙江）省〕 - 中華人民共和国 ,30.08,122.17
-7.6,-3.6,3.1,11.2,17.8,22.4,25.5,24.9,19.8,12,2.7,-4.9,インコウ（営口）〔リャオニン（遼寧）省〕 - 中華人民共和国 ,40.72,122.22
0.1,1,4.4,9.2,14.5,18.5,21.9,24,21.9,16.5,9.6,3,成山頭 - 中華人民共和国 ,37.45,122.73
30.4,30.2,30.3,29.4,25.8,23.2,22.8,24,27.5,30.4,32,31.6,ダービー - オーストラリア ,-17.42,123.71
25.8,26,26.5,27.4,28.4,28.4,27.9,28.2,27.9,27.3,27,26.5,ビラク空港 - フィリピン ,13.65,124.26
-6.4,-3,2.8,9.8,15.8,20.5,23.8,24.3,19.4,11.9,3.4,-4.5,タントン（丹東）〔リャオニン（遼寧）省〕 - 中華人民共和国 ,40.1,124.38
31.5,30.8,30.6,29,24.7,21.8,21.6,23.4,28,31.7,33.3,32.5,フィッツロイクロッシング - オーストラリア ,-18.23,125.61
31,29.8,27.4,23.2,18,13.7,13.5,15.8,20.4,25,27.4,29.5,ウォーバートン AIRFIELD - オーストラリア ,-26.18,126.63
-0.4,1.5,5.8,11.6,17.3,21.9,25.4,26,21.7,15.6,8.7,2.2,群山（クンサン）空港 - 大韓民国 ,35.95,126.67
-8.4,-5,0.8,7.6,12.3,16.1,20.4,22.1,17.9,10.9,1.6,-6.2,ポシエト - ロシア ,42.7,130.85
22.1,22.1,20.6,18.4,15.2,12.6,11.9,13,15.3,17.6,19.4,20.9,ナラーバー - オーストラリア ,-31.5,130.95
28.3,28.3,28.4,27.8,26,24.3,24.2,25.1,28.3,29.9,29.9,29.1,バッチェラー - オーストラリア ,-13.1,131.07
29.4,29.1,29.5,29.3,27.9,25.9,25.8,26.6,29.2,31,31.3,30.4,ジャビル - オーストラリア ,-12.71,132.94
29.8,29.3,28.7,27.1,23.6,21,20.6,21.6,26,29.3,31,30.9,デーリーウォーターズ - オーストラリア ,-16.31,133.43
29.6,28.5,25.2,20.8,16.1,12.6,12.5,14.3,18.5,21.7,25,27.4,クーバーピーディ AIRPORT - オーストラリア ,-29.08,134.77
24.8,24,21.2,18.2,14.7,11.9,11.6,12.1,14.9,17.5,20.7,22.6,ウディナ AERODROME - オーストラリア ,-33.09,135.5
21.1,21.1,19.4,17.3,15,12.6,11.7,11.9,13.3,15.4,17.7,19.4,ポートリンカン AERODROME - オーストラリア ,-34.65,135.93
29.7,29.4,28.7,27.3,24.1,21.4,21.4,22.8,26.3,29.2,30.9,31.1,ボロルーラ - オーストラリア ,-16.13,136.35
29.4,29.1,28.3,27.2,25.2,23.1,22.3,22.7,25.2,27.5,29.1,29.7,グルートアイランド島 - オーストラリア ,-14.03,136.51
20.8,20.8,19.7,17.6,15.4,13.1,12.3,12.8,14.2,15.9,17.8,19.1,ステンハウスベイ - オーストラリア ,-35.33,136.99
24.4,24,21.5,18.1,14.5,11.8,11.3,12.3,15.1,17.7,20.6,22.3,ワイアラ - オーストラリア ,-33.1,137.57
26.9,26,23.6,19.9,15.1,12,11.4,12.7,16.2,19.5,22.7,24.8,ポートオーガスタ - オーストラリア ,-32.56,137.76
31,30.1,28.8,26.4,21.7,18.2,18,20,25,28.3,30.5,31.4,キャムーウィール - オーストラリア ,-19.97,138.17
19,19.1,18.3,16.8,14.9,13.2,12.3,12.3,13.5,14.9,16.5,17.7,ウィラビー - オーストラリア ,-35.89,138.18
28.9,27.9,24.5,19.9,15,11.5,11,12.8,16.8,20.3,23.8,26.3,リークリーク AIRPORT - オーストラリア ,-30.65,138.47
23,22.3,20.7,18.1,14.9,12.4,11.8,12.3,14.4,16.6,19.4,21,ノアーランガ - オーストラリア ,-35.21,138.56
19.7,19.3,18.3,15.9,13.7,11.6,11.1,11.5,13,14.8,17.1,18.4,エンカウンターベイ - オーストラリア ,-35.6,138.65
20.4,20.3,18.1,15.1,12.3,10.1,9.5,10.1,12,14,16.7,18.5,マウントバーカー〔サウスオーストラリア州〕 - オーストラリア ,-35.11,138.9
28.6,28.7,28.3,27.6,24.8,21.9,21.7,22.8,25.9,28.2,29.5,29.7,モーニントン島 - オーストラリア ,-16.71,139.23
22.5,22.3,20,17,14,11.5,11,11.8,13.9,16.4,19.1,21,マーレーブリッジ - オーストラリア ,-35.17,139.31
20.6,20.3,18.6,16.3,13.8,11.4,11,11.8,13.7,15.4,17.6,19.1,メニンジー - オーストラリア ,-35.74,139.39
32.5,31.3,28.8,25.1,19.1,15.8,15.2,17.6,21.5,25.6,28.7,31.2,ベドゥーリー POLICE STATION - オーストラリア ,-24.41,139.52
19.2,19.1,17.6,15.4,13.2,11.4,10.9,11.2,12.3,14,16,17.7,ジャファ岬 - オーストラリア ,-37.02,139.77
18.7,18.6,17.3,15.1,13.1,10.8,10.6,11.2,12.3,13.8,16,17.5,ローブ AIRFIELD - オーストラリア ,-37.23,139.85
31.3,30.5,29.5,27,22.4,19.2,18.7,20.4,24.9,28.6,30.7,31.8,クロンカリー AIRPORT - オーストラリア ,-20.72,140.56
23.8,23.3,20.2,16.3,13,10.6,10.1,11.1,13.8,16.7,19.7,21.7,ロクストン - オーストラリア ,-34.49,140.65
25.1,24.4,21.1,17,13.3,10.5,10.2,11.4,14.4,17.3,20.8,22.9,レンマーク AERODROME - オーストラリア ,-34.25,140.73
20.7,20.5,18.2,15.2,12.4,10.2,9.7,10.3,11.9,13.9,16.7,18.8,（ナラクーアト飛行場） - オーストラリア ,-37.03,140.78
17.3,17.8,16.4,14.1,12.1,10.3,9.8,10.3,11.4,12.8,14.3,15.6,ポートランド／CASHMORE空港 - オーストラリア ,-38.36,141.52
26.8,25.7,22.2,17.9,13.6,10.8,10.3,11.8,15.3,18.7,22.1,24.5,ブロークンヒル空港 - オーストラリア ,-32.05,141.52
19.3,19.3,17.2,14,11.1,8.9,8.4,9,10.6,12.4,14.7,17,ハミルトン空港 - オーストラリア ,-37.7,142.11
30.8,29.4,26.2,21.5,16.1,12.9,12.5,14.2,18.7,22.3,25.8,28.3,ティブバラ AIRPORT - オーストラリア ,-29.49,142.11
21.3,21.2,18.2,14.7,11.5,9.3,8.5,9.4,11.1,13.5,16.9,19.2,ホーシャム - オーストラリア ,-36.7,142.12
21.9,21.4,18.7,14.8,11.4,8.9,8.4,9.1,11.2,13.7,17.4,19.7,ホーシャム AERODROME - オーストラリア ,-36.72,142.22
18,18.2,17.1,15.1,13,11.1,10.5,11.1,12.4,13.9,15.5,16.5,ポートフェアリー - オーストラリア ,-38.44,142.29
28.1,27.9,27.8,28,27.5,26.7,26.1,26.2,27,27.9,29,29,ホーン島 - オーストラリア ,-10.63,142.34
24.6,24.1,21,17,13.3,10.7,10,11.2,13.9,17,20.1,22.6,オーヤン - オーストラリア ,-35.12,142.37
28.2,27,23.4,19,14.5,11.8,10.9,12.8,16.3,19.6,22.8,25.7,メニンディー - オーストラリア ,-32.44,142.47
18.2,18.6,17.1,14.5,12,9.9,9.5,10,11.4,12.8,14.8,16.4,ウォーナンブール AIRPORT - オーストラリア ,-38.34,142.5
15.9,14.9,13.1,9.3,6,3.9,3,3.4,5.5,8.5,11.4,13.1,スタウェル - オーストラリア ,-37.34,142.65
21.5,21.2,18.5,14.7,11.3,8.9,8.3,9.2,11.3,13.8,16.9,19.1,スタウェル AERODROME - オーストラリア ,-37.12,142.79
19.7,19.5,17,13.6,10.5,8.4,7.8,8.6,10.4,12.4,15.1,17.5,アララト - オーストラリア ,-37.33,143.03
31.3,30.2,28.6,25.2,20.9,17.3,17.1,18.7,23.4,27.3,30,31.5,ウィントン - オーストラリア ,-22.41,143.13
30.3,29.6,28.3,25.7,21.4,18.3,17.9,19.6,24,27.8,29.9,30.9,リッチモンド空港 - オーストラリア ,-20.75,143.17
28.4,27.3,23.8,19.1,14.5,11.8,10.8,12.7,16.5,19.9,23.5,26,ウィルカニア - オーストラリア ,-31.61,143.43
29.3,27.9,23.9,19.6,14.4,11.4,10.8,12.4,16.4,20.1,24,26.8,ウィルカニア AERODROME - オーストラリア ,-31.57,143.43
24.8,24.2,20.8,16.5,12.6,9.8,9.2,10.3,13.1,16.3,20.1,22.3,スワンヒル飛行場 - オーストラリア ,-35.43,143.59
25.3,24.4,21.3,16.8,13.1,10.5,9.7,11,14,17.6,20.9,23,バルラナルド - オーストラリア ,-34.69,143.61
18.9,18.8,16.4,12.7,9.7,7.4,6.8,7.5,9.3,11.6,14.2,16.4,バララト（飛行場） - オーストラリア ,-37.56,143.84
16.8,17.2,16.3,14.2,12.5,11.1,10.4,10.6,11.5,12.4,13.9,15,キング島 AIRPORT - オーストラリア ,-39.93,143.93
24.4,23.9,20.7,16.7,12.8,10,9.4,10.6,13.2,16.5,19.6,22.1,ケラング - オーストラリア ,-35.77,143.97
20.8,20.6,17.8,13.9,10.7,8.3,7.6,8.4,10.5,13,16.2,18.6,キャッスルメイン - オーストラリア ,-37.13,144.29
27.5,26.6,23,18.2,13.9,11.3,10.3,12.1,15.5,18.8,22.6,24.9,アイバンホー - オーストラリア ,-32.95,144.33
28.5,27.1,23.3,19,14.3,11.4,10.8,12.2,16.1,19.7,23.4,25.9,アイバンホー AERODROME - オーストラリア ,-32.93,144.36
22.3,22,19,14.7,11,8.5,7.7,8.5,10.8,13.9,17.3,19.7,ベンディゴ - オーストラリア ,-36.79,144.38
16.4,16.7,15.6,13.5,11.9,10.4,9.9,10,10.7,11.7,13.2,14.6,マラワー - オーストラリア ,-40.96,144.76
23.7,23.1,20.2,15.9,12.2,9.5,8.7,9.6,12.2,15.3,18.9,21.3,エチューカ（飛行場） - オーストラリア ,-36.22,144.81
21.3,20.8,19.2,15.9,12.9,10.4,10,10.7,12.7,15,17.6,19.4,エセンドン空港 - オーストラリア ,-37.78,144.96
19,18.7,16.4,13,9.9,7.5,6.6,7.4,9.5,11.8,14.5,16.7,キルモア GAP - オーストラリア ,-37.43,145.01
20.7,20.7,18.4,15.1,12.4,10.2,9.7,10.5,12.3,14.3,16.6,18.7,ラトローブ大学 - オーストラリア ,-37.77,145.09
23.3,22.7,19.8,15.6,11.8,9.3,8.5,9.4,11.8,15.1,18.5,20.9,カイアブラム - オーストラリア ,-36.38,145.11
16.5,16.7,15.1,12.8,10.8,9.3,8.9,9.3,10.5,11.7,13.6,14.8,ストローン - オーストラリア ,-40.88,145.14
20.4,20.3,18.5,15.3,12.8,10.7,10.2,11,12.7,14.5,16.6,18.4,ムーラビン空港 - オーストラリア ,-38.03,145.15
20.2,20.4,18.7,15.7,13.4,11.1,10.4,11.1,12.5,14.3,16.5,18.2,フランクストン - オーストラリア ,-38.2,145.17
28.1,28.2,27.2,26.1,24.5,23.1,22.2,22.8,24.8,26.4,27.7,28.4,クックタウン AIRPORT - オーストラリア ,-15.5,145.24
16,16,14.7,12.6,10.9,9.4,8.9,9.2,10.4,11.7,13.4,14.8,ストローン AERODROME - オーストラリア ,-42.2,145.34
23.9,23.1,20,15.6,11.6,8.9,8.4,9.2,11.8,14.9,18.7,21.1,シェパートン AIRPORT - オーストラリア ,-36.48,145.45
29.9,28.8,27.2,23.5,18.5,15.5,14.8,16.5,21,24.9,27.7,29.3,ブラッコール AIRPORT - オーストラリア ,-24.48,145.48
26.3,26.1,25.2,23.8,21.8,20.3,19.5,20.1,22.1,24,25.5,26.5,マリーバ AIRPORT - オーストラリア ,-17.12,145.48
26.8,25.8,22.4,17.9,13.5,10.6,9.7,11,14.3,18.2,21.7,24.3,ヒルストン - オーストラリア ,-33.54,145.57
19,19.3,17.7,15.2,12.8,10.8,10.2,10.8,12.2,13.7,15.5,17.2,ウォンサギー - オーストラリア ,-38.66,145.65
28.4,26.8,23.5,18.9,13.8,10.8,10,11.4,15.4,19.3,23.1,25.6,コーバー AIRPORT - オーストラリア ,-31.59,145.85
20.5,20.2,17.6,13.8,9.9,7.5,6.6,7.3,9.7,12.3,15.5,17.7,アイルドン - オーストラリア ,-37.26,145.89
21.5,21.1,18.3,14.5,11,8.6,8.1,9,11.3,14,17,19,アイルドン湖 - オーストラリア ,-37.28,145.96
17.4,17.8,16.5,14.3,12.2,10.6,9.9,10,11,12.4,14.2,15.9,バーニー - オーストラリア ,-41.12,145.99
30.3,28.9,25.5,20.8,15.5,12.3,11.5,13.1,17.6,21.6,25.1,27.9,バーク - オーストラリア ,-30.09,146
14.6,14.8,12.8,10.4,8.4,6.7,6.2,6.8,7.8,9.5,11.5,12.9,ストラスゴードン - オーストラリア ,-42.82,146.1
26.8,25.5,22.1,17.6,13,10.3,9.3,10.3,13.6,17.4,21.7,24,グリフィス - オーストラリア ,-34.3,146.12
27.8,27.6,26.6,24.9,22.5,20.4,19.6,20.3,22.5,24.6,26.2,27.6,インガム - オーストラリア ,-18.7,146.23
13.1,12.5,10.2,7.1,3.7,1.4,0.2,0.6,2.7,5.3,8.2,10.3,ボーボー山 - オーストラリア ,-37.89,146.32
28.2,27.7,26.5,24.3,21.4,19,18.3,19.7,22.9,25.5,27.3,28.5,チャーターズタワーズ - オーストラリア ,-20.1,146.32
23.3,22.5,19.1,14.6,10.7,8.4,7.8,8.6,11.1,14,17.7,20.6,ウォンガラッタ - オーストラリア ,-36.47,146.36
27.2,26,22.7,18.3,13.7,10.7,9.7,10.9,14.3,18.2,21.9,24.7,レークカージェリゴ AIRPORT - オーストラリア ,-33.33,146.42
13.5,13.7,11.3,8.7,6.7,5,4.6,5.2,6.4,8.5,10.4,11.8,タラリーア VILLAGE - オーストラリア ,-42.35,146.48
17,17.1,15.7,13.3,11.1,9.3,8.8,9,10.2,11.7,13.7,15.3,デボンポート空港 - オーストラリア ,-41.22,146.48
13.6,13.2,10.6,6.6,3.4,1.1,-0.6,-0.1,2.2,5.4,8.7,11.2,ブラー山 - オーストラリア ,-37.2,146.49
15.7,15.5,13.4,10.8,8.8,6.8,6.4,7.2,8.7,10.3,12.2,13.8,メイデナ POST OFFICE - オーストラリア ,-42.81,146.67
29,27.9,24.9,20.4,15.7,12.6,11.7,13.2,17.3,21.4,24.7,27.1,ブルワリナ - オーストラリア ,-30.01,146.92
16,15.9,14.2,11.7,9.8,7.6,7.3,8.4,10.1,11.3,13,14.3,ジーブストン - オーストラリア ,-43.21,146.97
24.6,23.9,20.4,15.7,11.5,8.9,8.2,9.2,11.8,15.1,19,21.8,オールバリー空港 - オーストラリア ,-36.12,147
17.3,16.7,14.7,11.7,9.3,7,6.7,7.5,9.5,11.3,13.7,15.5,メルトンモーブレー - オーストラリア ,-42.54,147.25
26.5,25.1,21.8,17.2,12.4,9.5,8.7,9.7,13,16.9,20.9,23.4,ウェストワイアロング AIRPORT - オーストラリア ,-33.99,147.25
28.1,27.1,23.9,19.5,14.9,11.7,10.6,12.2,15.9,19.5,23.3,25.6,ニンガン - オーストラリア ,-31.6,147.25
18.1,17.5,15.8,12.4,9.4,7.3,6.9,7.6,9.5,11.5,14.1,15.9,ローンセストン AIRPORT - オーストラリア ,-41.6,147.26
27,25.8,22.2,17.4,12.9,10,9,10.2,13.6,17.6,21.7,24.4,コンドボリン AIRPORT - オーストラリア ,-33.12,147.26
9.7,9.4,7.8,5.2,3.5,1.7,0.7,0.6,2.2,4.1,6.1,7.4,ウェリントン山 - オーストラリア ,-42.95,147.29
17.4,17.7,16.3,14,11.8,10.1,9.3,9.8,10.8,12.1,14,15.6,ブリッドポート - オーストラリア ,-41.05,147.44
17.3,17.3,15.7,12.8,10.4,8.6,8,8.4,9.6,11.3,13.5,15.4,スコッツデール - オーストラリア ,-41.22,147.54
22.1,21.3,18.3,14.2,10.2,8,7.1,8,10.6,13.7,17,19.5,ダートマス　RESERVOIR - オーストラリア ,-36.58,147.55
19.8,19.5,17.7,14.8,12.2,10,9.5,10.2,11.9,13.9,16,17.7,バーンズデール - オーストラリア ,-37.93,147.62
17.3,16.9,15.7,13.3,11.1,8.8,8.5,9.2,10.8,12.4,14.1,15.9,オーフォード〔ビクトリア州〕 - オーストラリア ,-42.6,147.93
23.4,22.1,19.2,13.8,9.5,6.6,6.2,7.7,10.5,13.8,17.9,20.6,コリョング - オーストラリア ,-36.23,147.94
26.7,25.2,21.9,17.2,12.5,9.6,8.6,9.6,12.9,16.9,20.9,23.7,フォーブズ - オーストラリア ,-33.41,147.97
29.7,28.3,25.6,21.3,16.1,13,12.2,13.9,18.4,22,25,27.5,ライトニングリッジ - オーストラリア ,-29.48,148.02
18.2,18.5,17,14.7,12.7,10.7,10.2,10.3,11.5,12.9,14.7,16.4,フリンダース島 - オーストラリア ,-40.14,148.05
21.3,20.5,17.1,12.8,8.9,6.2,5.6,6.7,9.5,12.7,15.8,18.6,タンバルンバ - オーストラリア ,-35.83,148.06
17.8,17.3,16.6,14.5,12.4,10.6,10,10.3,11.8,13,14.6,16.1,マリア島 - オーストラリア ,-42.71,148.07
24.2,23.1,19.8,15.1,10.5,8,7.1,8,10.9,14.4,18.5,21.3,クータマンドラ - オーストラリア ,-34.68,148.09
17.4,17.1,15.8,13.5,11.4,9.2,8.8,9.7,11.2,12.8,14.2,16.1,スウォンジー - オーストラリア ,-42.19,148.12
27.7,26.8,25.5,22.3,18.5,15.5,15.1,16.6,20.2,23.2,25.5,26.9,スプリングシュア - オーストラリア ,-24.17,148.14
24.8,23.8,20.6,15.8,11.3,8.7,7.8,9,11.9,15.5,19.2,22.2,グンダガイ - オーストラリア ,-35.1,148.16
28.5,27.3,24.4,19.8,15,12.1,11.1,12.6,16.6,20.6,24.2,26.6,ウォルゲット - オーストラリア ,-30.09,148.17
25.1,23.9,20.8,16.4,12.2,9.3,8.5,9.6,12.6,16.3,19.8,22.6,グレンフェル - オーストラリア ,-33.94,148.22
27.6,27.6,26.8,25.1,22.5,20.1,19.2,20,22.2,24.5,26.3,27.4,ボーエン - オーストラリア ,-20.06,148.26
25.9,24.7,21.5,17,12.1,9.3,8.3,9.1,12.4,16.1,20.3,23,パークス AIRPORT - オーストラリア ,-33.18,148.29
23.7,22.6,19.3,14.9,10.5,8.1,6.9,7.9,10.5,13.9,17.8,20.9,ヤング AIRPORT - オーストラリア ,-34.3,148.3
18.2,17.7,16.5,14.1,11.7,9.8,9.2,9.7,11.3,12.9,15,16.6,セントヘレンズ AERODROME - オーストラリア ,-41.39,148.33
28.1,26.8,24,19.3,14.4,11.5,10.5,11.6,15.6,19.7,23.3,25.8,クーナンブル AIRPORT - オーストラリア ,-31.03,148.43
24.3,23.4,20.4,16.1,12,9.1,7.9,9,12,15.2,18.5,21.5,バリンジャック DAM - オーストラリア ,-35.05,148.65
24.9,23.8,20.7,16,11.9,9.3,8.2,9.1,11.8,15.5,18.9,22.1,カウラ AIRPORT - オーストラリア ,-33.9,148.7
24.5,23.8,20.2,15.9,12,9.3,8.2,9.2,12,15.1,19,21.9,カウラ - オーストラリア ,-33.88,148.7
24.9,24.1,20.9,16.9,12.9,9.9,8.8,10,12.7,16.1,19.6,22.4,カウラ RESEARCH STATION - オーストラリア ,-33.85,148.75
27.7,26.5,24.5,20.3,15.8,12.8,12.1,13.7,18.2,21.8,24.7,26.5,ローマ - オーストラリア ,-26.59,148.83
22.3,21.7,18.6,13.9,10.6,7.8,6.6,7.8,10.8,13.6,16.8,19.7,ヤス LINTON HOSTEL - オーストラリア ,-34.87,148.96
25.7,24.7,21.7,17.4,13,10.3,9.1,10.1,13.3,16.9,20.6,23.3,ウェリントン - オーストラリア ,-32.61,149
18.9,17.7,15,11,7.3,4.9,4.1,5.2,8.1,11,14,16.3,クーマ AIRPORT - オーストラリア ,-36.34,149.02
29,27.7,25.3,20.9,16.6,13.3,12.5,14.1,18.2,22,25.3,27.4,マンギンディ - オーストラリア ,-29.03,149.04
22.2,21.1,18.3,14,9.7,7.2,6.2,7.5,10.7,13.8,17.1,19.8,タゲラノン ISABELLA - オーストラリア ,-35.47,149.14
19.6,18.6,15.9,11.6,7.8,5.4,4.5,5.7,8.8,11.7,15.1,17,クーマ - オーストラリア ,-36.28,149.17
19.8,19.3,16.3,12.4,8.9,6.4,5.4,6.3,9.1,12,14.9,17.4,オレンジ空港 - オーストラリア ,-33.42,149.17
20.2,19.3,16.5,12.3,8.3,6.1,5.2,5.9,8.9,12,15.1,17.7,オレンジ AIRPORT - オーストラリア ,-33.43,149.18
27.1,26.9,25.8,23.8,20.7,18.2,17.3,18.1,20.8,23.6,25.3,26.7,マッカイ AERODROME - オーストラリア ,-21.22,149.23
19.2,18.1,16.1,12.3,8.7,6.2,5.4,6.6,9.5,12.3,14.7,17.1,ボンバラ - オーストラリア ,-36.96,149.29
23.9,22.9,19.8,15.5,11.5,8.8,7.8,8.9,12.4,15.8,19.3,21.8,クーナバラブラン - オーストラリア ,-31.32,149.32
23.6,22.7,19.8,15.6,11.4,8.9,7.8,8.8,12,15.5,18.9,21.5,マジー AIRPORT - オーストラリア ,-32.61,149.67
21.8,20.5,17.8,13.8,9.7,7.3,6.4,7.4,10.4,13.5,16.6,19.4,バサースト AIRPORT - オーストラリア ,-33.46,149.7
20.1,19.8,18.4,16,13.5,11.4,10.6,11.1,12.9,14.6,16.5,18.1,マラクータ - オーストラリア ,-37.65,149.78
21.2,20.8,18.9,16,12.6,10.2,9.4,10.6,13.2,15.4,17.6,19.3,ビーガ - オーストラリア ,-36.72,149.87
27.9,26.6,23.9,19.7,15,12.2,11.1,12.3,16.2,20.3,23.9,26.3,ナラブリ AIRPORT - オーストラリア ,-30.37,149.88
20.1,20,18.7,16.3,13.5,11.3,10.4,11,13,15,16.8,18.5,メリンビューラ空港 - オーストラリア ,-36.96,149.95
20.8,20.7,19.2,16.5,13.5,11.3,10.3,11.5,13.8,15.7,17.5,19.1,ベートマンズベイ - オーストラリア ,-35.77,150.24
26.8,25.6,22.8,18.7,13.7,10.9,9.7,10.8,14.6,18.8,22.4,24.7,ガンネダー AIRPORT - オーストラリア ,-31,150.3
18.8,18.1,16.2,13.3,10.1,7.5,6.5,7.8,10.7,13.1,15.3,17.1,カトゥーンバ - オーストラリア ,-33.76,150.36
27.1,26.2,24.2,20.3,15.9,12.8,11.8,13.6,17.5,21.2,24.2,25.7,ガンダウィンディ - オーストラリア ,-28.57,150.38
19.6,19,17,14,10.7,8.3,7.4,8.6,11.5,13.9,16,17.8,ボーラル - オーストラリア ,-34.54,150.45
26.9,26.4,25.1,21.9,18.1,15.4,14.5,15.7,19.1,22.1,24.3,25.9,ビローラ週 - オーストラリア ,-24.54,150.62
24.6,23.6,20.9,16.4,12.3,9.4,8.6,9.7,13.5,17.1,20.6,22.7,バラバ - オーストラリア ,-30.43,150.66
24.9,24.1,22.3,18.9,15.2,12.6,11.7,13,16.4,19.2,21.4,23.5,ペンリス - オーストラリア ,-33.77,150.73
23.9,23,21,17.6,13.8,11.3,10.4,11.6,14.7,17.6,20,22.1,カムデン - オーストラリア ,-34.09,150.74
23.6,23.2,21.2,17.8,14,11.7,10.8,11.9,15.2,17.8,20.3,22.1,バドジェリーズクリーク AIRPORT - オーストラリア ,-33.95,150.78
26.6,26.6,25.5,23.2,20.1,17.8,16.8,17.5,20.1,22.6,24.5,25.8,イェップーン - オーストラリア ,-23.19,150.8
22.1,21.8,20.5,17.8,14.7,12.7,12,12.6,14.9,17,18.8,20.4,ウロンゴング AIRPORT - オーストラリア ,-34.61,150.84
24.6,23.6,21.1,17.3,13.5,11.1,10,11.2,14.5,17.7,20.7,23.1,スコーン AIRPORT - オーストラリア ,-32.08,150.88
25.6,24.6,22.1,17.8,13.2,10.5,9.4,10.6,14.2,17.9,21.2,23.7,タムワース - オーストラリア ,-31.12,150.89
24.2,23.8,21.1,17.7,14.5,11.6,10.7,12,15,17.9,20.5,22.2,スコーン - オーストラリア ,-32.11,150.98
23.8,23.3,21.5,18.4,15,12.5,11.5,12.7,15.6,18.2,20.3,22.2,バンクスタウン - オーストラリア ,-33.97,151.04
23.5,23,21.2,18.3,15.2,12.8,12.1,13.2,15.9,18.3,20.1,22,パラマッタ - オーストラリア ,-33.84,151.07
23.5,22.8,20.9,17.5,13.3,10.7,9.8,10.8,14.3,17.3,20,21.9,インベレル研究所 - オーストラリア ,-29.82,151.13
23.3,22.8,21.3,18.3,15,12.6,11.8,12.7,15.6,18,19.9,21.8,カンタベリー RACECOURSE - オーストラリア ,-33.96,151.16
26,25.5,23.9,21,17.2,14.8,13.7,15.2,18.9,21.7,24,25.5,モント - オーストラリア ,-24.91,151.17
27,26.9,25.9,23.7,20.7,18.6,17.7,18.3,20.9,23,24.8,26.3,グラッドストーン AIRPORT - オーストラリア ,-23.92,151.27
22.4,22.6,21.6,19.7,16.8,14.7,13.9,14.4,16.8,18.2,19.7,21.3,シドニーハーバー - オーストラリア ,-33.89,151.31
25.8,25.1,23.4,19.9,15.8,12.8,12,13.3,17.2,20.5,23.2,24.7,ドルビー - オーストラリア ,-27.21,151.31
22.6,22.3,20.8,17.7,14.5,12.5,11.6,12.5,15.2,17.3,19.4,21.1,ゴスフォード - オーストラリア ,-33.43,151.37
24.3,23.9,21.6,18.2,14.9,12.4,11.4,12.7,15.6,18.5,20.7,22.6,セスノック - オーストラリア ,-32.85,151.38
24.1,23.3,21.3,17.7,14.2,11.9,11,12,15.1,17.7,20.3,22.3,セスノック AIRPORT - オーストラリア ,-32.84,151.39
24.2,23.8,22.1,18.4,14.9,12.6,11.8,12.8,15.9,18.4,20.7,22.5,メートランド VISITORS CENTRE - オーストラリア ,-32.79,151.62
20.2,19.5,17.3,14,10,7.6,6.9,7.9,11.2,14.2,16.9,18.7,アーミデール空港 - オーストラリア ,-30.58,151.67
27.3,26.7,25.2,22.2,18.2,15.9,15.1,16.2,19.9,22.7,24.7,26.2,ゲインダー AIRPORT - オーストラリア ,-25.67,151.67
20.2,19.3,17.3,13.7,9.4,7.3,6.4,7.3,10.7,13.7,16.5,18.6,アーミデール（ニューイングランド大学） - オーストラリア ,-30.57,151.72
19.9,19.3,17.5,14.1,10.6,7.8,7.1,8.1,11.1,13.9,16.6,18.4,グレンイネス - オーストラリア ,-29.74,151.74
19.9,19.3,17.5,13.8,9.5,7.1,6.2,7,10.5,13.5,16.2,18.4,グレンイネス AIRPORT - オーストラリア ,-29.73,151.74
24.5,23.8,22.1,19.2,15.8,13.5,12.5,13.9,16.8,19.1,21.1,22.7,ニューキャッスル大学 - オーストラリア ,-32.94,151.76
22.8,22.8,21.9,19.6,16.7,14.5,13.6,14.5,16.9,18.7,20.1,21.7,ニューキャッスル - オーストラリア ,-32.97,151.85
23.2,22.7,21.3,18.4,14.9,12.3,11.7,13.1,16.5,18.9,20.7,22.2,トゥーンバ AIRPORT - オーストラリア ,-27.59,151.96
27.3,27.4,26.8,24.8,22.5,20.5,19.6,20.5,22.1,23.8,25,26.5,ヘロン島 - オーストラリア ,-23.49,151.96
22,21.4,19.6,16.1,12.4,9.6,8.6,9.8,13.4,16.5,19.3,20.8,スタンソープ - オーストラリア ,-28.71,151.98
21,20.3,18.6,14.9,11.5,9.1,8,9.1,12.4,15.2,17.7,19.4,テンターフィールド - オーストラリア ,-29.1,152.07
23.8,23.3,21.6,18.2,14.3,11.6,10.6,11.6,15.3,18.4,21,22.7,ウォリック - オーストラリア ,-28.26,152.15
26,25.3,23.9,20.8,17.4,15,14.1,15.1,18.5,21.1,23.5,24.9,クイーンズランド大学 - オーストラリア ,-27.59,152.39
25.6,25.2,23.8,21,17.7,15.3,14.4,15.4,18.8,21.1,23.3,24.7,ギンピー - オーストラリア ,-26.23,152.69
19.9,19.4,18,15.3,12.3,10.2,9.6,10.5,13.5,15.6,17.3,19,ドリゴ OLD CORAMBA - オーストラリア ,-30.39,152.77
23.8,23.4,22,19.2,15.6,13.6,12.5,13.4,16.3,18.4,20.7,22.3,ケンプシー AIRPORT - オーストラリア ,-31.12,152.82
23.8,23.6,22.3,19.5,16.5,14,13.1,13.9,16.6,18.7,20.9,22.5,ケンプシー - オーストラリア ,-31.13,152.87
26.2,26.1,24.9,22.5,19.2,17,15.9,16.6,19.5,21.7,23.6,25.3,ハービー湾 AIRPORT - オーストラリア ,-25.37,152.93
25.2,24.8,23.3,20.5,17.1,14.9,14.2,15.3,18.3,20.7,22.9,24.1,グラフトン RESEARCH STATION - オーストラリア ,-29.67,153.01
25.1,24.9,23.7,21.2,18.3,16.2,15.6,16.4,19.1,20.9,22.6,24.2,ビアブラム - オーストラリア ,-27.01,153.01
25,24.4,23.1,20.2,16.8,14.6,13.7,14.8,18,20.5,22.5,24.1,カシーノ AIRPORT - オーストラリア ,-28.93,153.1
24,23.9,22.9,20.8,18.4,16.2,15.6,16.5,18.4,19.9,21.1,22.6,スモーキー岬 - オーストラリア ,-30.97,153.14
25.7,25.5,24.3,21.9,18.9,16.8,16,16.9,19.3,21.3,23.3,24.7,イプスウィッチ - オーストラリア ,-27.27,153.14
24.6,24.1,22.8,20.1,16.5,14.5,13.5,14.6,17.7,20,22.1,23.6,リズモア AIRPORT - オーストラリア ,-28.88,153.31
24.5,24.1,22.6,20.4,17.1,15.1,14.6,15.9,18.7,20.6,22.3,23.4,リズモア - オーストラリア ,-28.83,153.39
25.5,25.4,24.5,22.2,19.5,17.4,16.7,17.4,19.5,21.2,23,24.3,ゴールドコースト SEAWAY - オーストラリア ,-27.99,153.48
24.9,24.8,23.7,21.4,18.5,16.4,15.4,16.1,18.6,20.5,22.2,23.8,クーランガッタ空港 - オーストラリア ,-28.22,153.56
25.9,26,25.2,23,20.4,18.2,17.4,18.1,20.1,21.8,23,24.6,ノースストラドブローク島 - オーストラリア ,-27.49,153.6
24.1,23.9,22.8,20.2,17.3,15.3,14.4,15.1,17.6,19.5,21.4,23,バリナ AIRPORT - オーストラリア ,-28.88,153.61
27.5,27.3,27.2,27.3,27.2,26.8,26.5,26.6,26.9,27.1,27.4,27.5,ホニアラ - ソロモン諸島 ,-9.47,160.02
27.2,27,26.9,26.8,26.7,26.4,26.2,26,26.4,26.6,26.8,27.1,ホニアラ／HONIARA-HENDERSON - ソロモン諸島 ,-9.47,160.1
27.2,27.2,27,26.7,26,25.4,24.8,24.7,25.1,25.7,26.4,27.1,エスピリトゥサント島/ルガンビル - バヌアツ ,-15.57,167.27
27.5,27.6,27.7,27.2,26.9,26.4,25.9,26,26.2,26.5,27,27.4,バヌアラバ島 - バヌアツ ,-13.9,167.6
27.6,27.8,27.7,27.1,26.2,25.4,24.8,24.7,25.1,25.7,26.6,27.3,マレクラ島/ラマプ - バヌアツ ,-16.47,167.85
26.6,26.8,26.5,25.6,24,23.2,22.3,22.2,22.8,23.8,25,25.9,エファテ島/ポートビラ - バヌアツ ,-17.75,168.35
27,27.5,27,26,24.1,23.3,22.4,22.4,23,23.9,25.2,26.5,タナ島 - バヌアツ ,-19.5,169.27
26.5,27,26.8,25.6,23.8,22.8,21.9,21.7,22.4,23.3,24.5,25.8,アニーティアム島 - バヌアツ ,-20.28,169.82
17.5,17.2,15.1,12.2,9.7,6.9,6.5,7.6,9.4,11.6,13.7,16.2,クライストチャーチ（国際空港） - ニュージーランド ,-43.54,172.58
28.3,28.2,28.2,28.4,28.5,28.5,28.5,28.6,28.7,28.6,28.6,28.4,タラワ - キリバス ,1.4,172.97
